Timestamp              Elapsed(s)   Step     Type            Eps_xx       Sig_xx(GPa)     KMC      Cascade  Flips    SimTime(s)
-------------------------------------------------------------------------------------------------------------------------------
2026-06-12 09:49:23    0.24         1        KMC_INSTAB      0.000000     0.000           0        0        1        2.901867e-16   
2026-06-12 09:49:23    0.24         2        KMC_INSTAB      0.000000     0.000           1        0        1        3.050612e-16   
2026-06-12 09:49:23    0.25         3        KMC_INSTAB      0.000000     0.000           2        0        1        4.487883e-16   
2026-06-12 09:49:23    0.25         4        KMC             0.000000     0.000           3        0        1        5.301377e-16   
2026-06-12 09:49:23    0.26         5        KMC             0.000000     0.000           4        0        1        1.160288e-15   
2026-06-12 09:49:23    0.27         6        KMC             0.000000     0.000           5        0        1        1.234268e-15   
2026-06-12 09:49:23    0.27         7        KMC_INSTAB      0.000000     0.000           6        0        1        1.452686e-15   
2026-06-12 09:49:23    0.28         8        KMC_INSTAB      0.000000     0.000           7        0        1        2.500996e-15   
2026-06-12 09:49:23    0.28         9        KMC_INSTAB      0.000000     0.000           8        0        1        2.538373e-15   
2026-06-12 09:49:23    0.29         10       KMC_INSTAB      0.000000     0.000           9        0        1        2.910527e-15   
2026-06-12 09:49:23    0.29         11       KMC_INSTAB      0.000000     0.000           10       0        1        3.057854e-15   
2026-06-12 09:49:23    0.30         12       KMC_INSTAB      0.000000     0.000           11       0        1        3.799771e-15   
2026-06-12 09:49:23    0.30         13       KMC_INSTAB      0.000000     0.000           12       0        1        4.094850e-15   
2026-06-12 09:49:23    0.31         14       KMC_INSTAB      0.000000     0.000           13       0        1        4.173800e-15   
2026-06-12 09:49:23    0.32         15       KMC_INSTAB      0.000000     0.000           14       0        1        4.631040e-15   
2026-06-12 09:49:23    0.32         16       KMC             0.000001     0.000           15       0        1        5.084692e-15   
2026-06-12 09:49:23    0.33         17       KMC             0.000001     0.000           16       0        1        5.943417e-15   
2026-06-12 09:49:23    0.33         18       KMC             0.000001     0.000           17       0        1        5.978183e-15   
2026-06-12 09:49:23    0.34         19       KMC             0.000001     0.000           18       0        1        5.979062e-15   
2026-06-12 09:49:23    0.34         20       KMC             0.000001     0.000           19       0        1        6.579310e-15   
2026-06-12 09:49:23    0.35         21       KMC_INSTAB      0.000001     0.000           20       0        1        7.099434e-15   
2026-06-12 09:49:23    0.35         22       KMC_INSTAB      0.000001     0.000           21       0        1        7.812773e-15   
2026-06-12 09:49:23    0.36         23       KMC             0.000001     0.000           22       0        1        7.958657e-15   
2026-06-12 09:49:23    0.36         24       KMC             0.000001     0.000           23       0        1        8.061805e-15   
2026-06-12 09:49:23    0.37         25       KMC_INSTAB      0.000001     0.000           24       0        1        8.342774e-15   
2026-06-12 09:49:23    0.38         26       KMC_INSTAB      0.000001     0.000           25       0        1        9.108861e-15   
2026-06-12 09:49:23    0.38         27       KMC_INSTAB      0.000001     0.000           26       0        1        9.664679e-15   
2026-06-12 09:49:23    0.39         28       KMC             0.000001     0.000           27       0        1        1.235449e-14   
2026-06-12 09:49:23    0.39         29       KMC             0.000001     0.000           28       0        1        1.269745e-14   
2026-06-12 09:49:23    0.40         30       KMC             0.000001     0.000           29       0        1        1.290325e-14   
2026-06-12 09:49:23    0.40         31       KMC_INSTAB      0.000001     0.000           30       0        1        1.381670e-14   
2026-06-12 09:49:23    0.41         32       KMC_INSTAB      0.000001     0.000           31       0        1        1.415159e-14   
2026-06-12 09:49:23    0.41         33       KMC_INSTAB      0.000001     0.000           32       0        1        1.418614e-14   
2026-06-12 09:49:23    0.42         34       KMC_INSTAB      0.000001     0.000           33       0        1        1.440378e-14   
2026-06-12 09:49:23    0.43         35       KMC             0.000001     0.000           34       0        1        1.451725e-14   
2026-06-12 09:49:23    0.43         36       KMC_INSTAB      0.000001     0.000           35       0        1        1.453858e-14   
2026-06-12 09:49:23    0.44         37       KMC_INSTAB      0.000002     0.000           36       0        1        1.517039e-14   
2026-06-12 09:49:23    0.44         38       KMC             0.000002     0.000           37       0        1        1.525842e-14   
2026-06-12 09:49:23    0.45         39       KMC_INSTAB      0.000002     0.000           38       0        1        1.538256e-14   
2026-06-12 09:49:23    0.45         40       KMC_INSTAB      0.000002     0.000           39       0        1        1.579713e-14   
2026-06-12 09:49:23    0.46         41       KMC_INSTAB      0.000002     0.000           40       0        1        1.582935e-14   
2026-06-12 09:49:23    0.47         42       KMC             0.000002     0.000           41       0        1        1.583154e-14   
2026-06-12 09:49:23    0.47         43       KMC_INSTAB      0.000002     0.000           42       0        1        1.597045e-14   
2026-06-12 09:49:23    0.48         44       KMC             0.000002     0.000           43       0        1        1.665752e-14   
2026-06-12 09:49:23    0.48         45       KMC             0.000002     0.000           44       0        1        1.728382e-14   
2026-06-12 09:49:23    0.49         46       KMC_INSTAB      0.000002     0.000           45       0        1        1.735264e-14   
2026-06-12 09:49:23    0.49         47       KMC             0.000002     0.000           46       0        1        1.799913e-14   
2026-06-12 09:49:23    0.50         48       KMC_INSTAB      0.000002     0.000           47       0        1        2.075276e-14   
2026-06-12 09:49:23    0.50         49       KMC_INSTAB      0.000002     0.000           48       0        1        2.123597e-14   
2026-06-12 09:49:23    0.51         50       KMC_INSTAB      0.000002     0.000           49       0        1        2.166984e-14   
2026-06-12 09:49:23    0.52         51       KMC_INSTAB      0.000002     0.000           50       0        1        2.189757e-14   
2026-06-12 09:49:23    0.52         52       KMC_INSTAB      0.000002     0.000           51       0        1        2.282709e-14   
2026-06-12 09:49:23    0.53         53       KMC_INSTAB      0.000002     0.000           52       0        1        2.400261e-14   
2026-06-12 09:49:23    0.53         54       KMC_INSTAB      0.000002     0.000           53       0        1        2.412560e-14   
2026-06-12 09:49:23    0.54         55       KMC_INSTAB      0.000002     0.000           54       0        1        2.482416e-14   
2026-06-12 09:49:23    0.54         56       KMC_INSTAB      0.000003     0.000           55       0        1        2.606016e-14   
2026-06-12 09:49:23    0.55         57       KMC_INSTAB      0.000003     0.000           56       0        1        2.656211e-14   
2026-06-12 09:49:23    0.55         58       KMC             0.000003     0.000           57       0        1        2.719786e-14   
2026-06-12 09:49:23    0.56         59       KMC_INSTAB      0.000003     0.000           58       0        1        2.997399e-14   
2026-06-12 09:49:23    0.56         60       KMC_INSTAB      0.000003     0.000           59       0        1        3.094578e-14   
2026-06-12 09:49:23    0.57         61       KMC             0.000003     0.000           60       0        1        3.122191e-14   
2026-06-12 09:49:23    0.57         62       KMC_INSTAB      0.000003     0.000           61       0        1        3.214271e-14   
2026-06-12 09:49:23    0.58         63       KMC_INSTAB      0.000003     0.000           62       0        1        3.221539e-14   
2026-06-12 09:49:23    0.58         64       KMC_INSTAB      0.000003     0.000           63       0        1        3.223815e-14   
2026-06-12 09:49:23    0.59         65       KMC_INSTAB      0.000003     0.000           64       0        1        3.392356e-14   
2026-06-12 09:49:23    0.60         66       KMC_INSTAB      0.000003     0.000           65       0        1        3.399011e-14   
2026-06-12 09:49:23    0.60         67       KMC_INSTAB      0.000003     0.000           66       0        1        3.424449e-14   
2026-06-12 09:49:23    0.61         68       KMC             0.000003     0.000           67       0        1        3.447290e-14   
2026-06-12 09:49:23    0.61         69       KMC_INSTAB      0.000004     0.000           68       0        1        3.681973e-14   
2026-06-12 09:49:23    0.62         70       KMC             0.000004     0.000           69       0        1        3.736515e-14   
2026-06-12 09:49:23    0.62         71       KMC             0.000004     0.000           70       0        1        3.740827e-14   
2026-06-12 09:49:23    0.63         72       KMC_INSTAB      0.000004     0.000           71       0        1        3.753033e-14   
2026-06-12 09:49:23    0.63         73       KMC_INSTAB      0.000004     0.000           72       0        1        3.785944e-14   
2026-06-12 09:49:23    0.64         74       KMC_INSTAB      0.000004     0.000           73       0        1        3.816704e-14   
2026-06-12 09:49:23    0.64         75       KMC_INSTAB      0.000004     0.000           74       0        1        3.851152e-14   
2026-06-12 09:49:23    0.65         76       KMC             0.000004     0.000           75       0        1        3.965370e-14   
2026-06-12 09:49:23    0.65         77       KMC             0.000004     0.000           76       0        1        4.091919e-14   
2026-06-12 09:49:23    0.66         78       KMC_INSTAB      0.000004     0.000           77       0        1        4.107782e-14   
2026-06-12 09:49:23    0.67         79       KMC_INSTAB      0.000004     0.000           78       0        1        4.137618e-14   
2026-06-12 09:49:23    0.67         80       KMC_INSTAB      0.000004     0.000           79       0        1        4.141982e-14   
2026-06-12 09:49:23    0.68         81       KMC             0.000004     0.000           80       0        1        4.174520e-14   
2026-06-12 09:49:23    0.69         82       KMC_INSTAB      0.000004     0.000           81       0        1        4.270044e-14   
2026-06-12 09:49:23    0.69         83       KMC_INSTAB      0.000004     0.000           82       0        1        4.293002e-14   
2026-06-12 09:49:23    0.70         84       KMC_INSTAB      0.000004     0.000           83       0        1        4.407775e-14   
2026-06-12 09:49:23    0.70         85       KMC             0.000004     0.000           84       0        1        4.456484e-14   
2026-06-12 09:49:23    0.71         86       KMC             0.000004     0.000           85       0        1        4.457251e-14   
2026-06-12 09:49:23    0.71         87       KMC_INSTAB      0.000005     0.000           86       0        1        4.501046e-14   
2026-06-12 09:49:23    0.72         88       KMC             0.000005     0.000           87       0        1        4.544410e-14   
2026-06-12 09:49:23    0.73         89       KMC             0.000005     0.000           88       0        1        4.561247e-14   
2026-06-12 09:49:23    0.73         90       KMC             0.000005     0.000           89       0        1        4.614584e-14   
2026-06-12 09:49:23    0.74         91       KMC             0.000005     0.000           90       0        1        4.661761e-14   
2026-06-12 09:49:23    0.74         92       KMC_INSTAB      0.000005     0.000           91       0        1        4.665277e-14   
2026-06-12 09:49:23    0.75         93       KMC             0.000005     0.000           92       0        1        4.665581e-14   
2026-06-12 09:49:23    0.75         94       KMC             0.000005     0.000           93       0        1        4.724736e-14   
2026-06-12 09:49:23    0.76         95       KMC             0.000005     0.000           94       0        1        4.769206e-14   
2026-06-12 09:49:23    0.76         96       KMC_INSTAB      0.000005     0.000           95       0        1        4.796689e-14   
2026-06-12 09:49:23    0.77         97       KMC_INSTAB      0.000005     0.000           96       0        1        4.944839e-14   
2026-06-12 09:49:23    0.78         98       KMC_INSTAB      0.000005     0.000           97       0        1        5.036084e-14   
2026-06-12 09:49:23    0.78         99       KMC_INSTAB      0.000005     0.000           98       0        1        5.063484e-14   
2026-06-12 09:49:23    0.80         100      KMC_INSTAB      0.000005     0.000           99       0        1        5.128830e-14   
2026-06-12 09:49:23    0.80         101      KMC_INSTAB      0.000005     0.000           100      0        1        5.273397e-14   
2026-06-12 09:49:23    0.81         102      KMC_INSTAB      0.000005     0.000           101      0        1        5.325017e-14   
2026-06-12 09:49:23    0.82         103      KMC             0.000005     0.000           102      0        1        5.371671e-14   
2026-06-12 09:49:23    0.82         104      KMC_INSTAB      0.000005     0.000           103      0        1        5.460639e-14   
2026-06-12 09:49:23    0.83         105      KMC             0.000006     0.000           104      0        1        5.527720e-14   
2026-06-12 09:49:23    0.83         106      KMC_INSTAB      0.000006     0.000           105      0        1        5.559997e-14   
2026-06-12 09:49:23    0.84         107      KMC_INSTAB      0.000006     0.000           106      0        1        5.561240e-14   
2026-06-12 09:49:23    0.84         108      KMC_INSTAB      0.000006     0.000           107      0        1        5.786261e-14   
2026-06-12 09:49:23    0.85         109      KMC_INSTAB      0.000006     0.000           108      0        1        5.848147e-14   
2026-06-12 09:49:23    0.86         110      KMC             0.000006     0.000           109      0        1        5.983870e-14   
2026-06-12 09:49:23    0.86         111      KMC_INSTAB      0.000006     0.000           110      0        1        6.039772e-14   
2026-06-12 09:49:23    0.87         112      KMC_INSTAB      0.000006     0.000           111      0        1        6.078123e-14   
2026-06-12 09:49:23    0.87         113      KMC_INSTAB      0.000006     0.000           112      0        1        6.085809e-14   
2026-06-12 09:49:23    0.88         114      KMC_INSTAB      0.000006     0.000           113      0        1        6.143428e-14   
2026-06-12 09:49:23    0.88         115      KMC_INSTAB      0.000006     0.000           114      0        1        6.165079e-14   
2026-06-12 09:49:23    0.89         116      KMC             0.000006     0.000           115      0        1        6.176186e-14   
2026-06-12 09:49:23    0.89         117      KMC             0.000006     0.000           116      0        1        6.210089e-14   
2026-06-12 09:49:23    0.90         118      KMC_INSTAB      0.000006     0.000           117      0        1        6.287089e-14   
2026-06-12 09:49:23    0.91         119      KMC_INSTAB      0.000006     0.000           118      0        1        6.344902e-14   
2026-06-12 09:49:23    0.91         120      KMC             0.000007     0.000           119      0        1        6.678385e-14   
2026-06-12 09:49:23    0.92         121      KMC_INSTAB      0.000007     0.000           120      0        1        6.864920e-14   
2026-06-12 09:49:23    0.92         122      KMC_INSTAB      0.000007     0.000           121      0        1        6.908465e-14   
2026-06-12 09:49:23    0.93         123      KMC_INSTAB      0.000007     0.000           122      0        1        7.074206e-14   
2026-06-12 09:49:23    0.93         124      KMC             0.000007     0.000           123      0        1        7.092630e-14   
2026-06-12 09:49:23    0.94         125      KMC_INSTAB      0.000007     0.000           124      0        1        7.194061e-14   
2026-06-12 09:49:23    0.94         126      KMC_INSTAB      0.000007     0.000           125      0        1        7.248419e-14   
2026-06-12 09:49:23    0.95         127      KMC_INSTAB      0.000007     0.000           126      0        1        7.441254e-14   
2026-06-12 09:49:23    0.96         128      KMC_INSTAB      0.000007     0.000           127      0        1        7.452802e-14   
2026-06-12 09:49:23    0.96         129      KMC_INSTAB      0.000007     0.000           128      0        1        7.477455e-14   
2026-06-12 09:49:24    0.97         130      KMC_INSTAB      0.000008     0.000           129      0        1        7.700581e-14   
2026-06-12 09:49:24    0.97         131      KMC_INSTAB      0.000008     0.000           130      0        1        7.856595e-14   
2026-06-12 09:49:24    0.98         132      KMC_INSTAB      0.000008     0.000           131      0        1        7.904619e-14   
2026-06-12 09:49:24    0.98         133      KMC_INSTAB      0.000008     0.000           132      0        1        7.991091e-14   
2026-06-12 09:49:24    0.99         134      KMC             0.000008     0.000           133      0        1        8.152554e-14   
2026-06-12 09:49:24    0.99         135      KMC_INSTAB      0.000008     0.000           134      0        1        8.263668e-14   
2026-06-12 09:49:24    1.00         136      KMC_INSTAB      0.000008     0.000           135      0        1        8.451262e-14   
2026-06-12 09:49:24    1.01         137      KMC             0.000009     0.000           136      0        1        8.502732e-14   
2026-06-12 09:49:24    1.01         138      KMC_INSTAB      0.000009     0.000           137      0        1        8.546457e-14   
2026-06-12 09:49:24    1.02         139      KMC_INSTAB      0.000009     0.000           138      0        1        8.664510e-14   
2026-06-12 09:49:24    1.02         140      KMC_INSTAB      0.000009     0.000           139      0        1        8.883038e-14   
2026-06-12 09:49:24    1.03         141      KMC_INSTAB      0.000009     0.000           140      0        1        9.021420e-14   
2026-06-12 09:49:24    1.04         142      KMC_INSTAB      0.000009     0.000           141      0        1        9.115793e-14   
2026-06-12 09:49:24    1.04         143      KMC_INSTAB      0.000009     0.000           142      0        1        9.124737e-14   
2026-06-12 09:49:24    1.05         144      KMC_INSTAB      0.000009     0.000           143      0        1        9.158451e-14   
2026-06-12 09:49:24    1.05         145      KMC_INSTAB      0.000009     0.000           144      0        1        9.174920e-14   
2026-06-12 09:49:24    1.06         146      KMC_INSTAB      0.000009     0.000           145      0        1        9.246381e-14   
2026-06-12 09:49:24    1.06         147      KMC_INSTAB      0.000009     0.000           146      0        1        9.373623e-14   
2026-06-12 09:49:24    1.07         148      KMC_INSTAB      0.000010     0.000           147      0        1        9.658344e-14   
2026-06-12 09:49:24    1.08         149      KMC_INSTAB      0.000010     0.000           148      0        1        9.681271e-14   
2026-06-12 09:49:24    1.08         150      KMC             0.000010     0.000           149      0        1        9.693227e-14   
2026-06-12 09:49:24    1.09         151      KMC_INSTAB      0.000010     0.000           150      0        1        9.830741e-14   
2026-06-12 09:49:24    1.09         152      KMC             0.000010     0.000           151      0        1        9.865332e-14   
2026-06-12 09:49:24    1.10         153      KMC_INSTAB      0.000010     0.000           152      0        1        9.872461e-14   
2026-06-12 09:49:24    1.10         154      KMC_INSTAB      0.000010     0.000           153      0        1        1.011253e-13   
2026-06-12 09:49:24    1.11         155      KMC_INSTAB      0.000010     0.000           154      0        1        1.037719e-13   
2026-06-12 09:49:24    1.12         156      KMC             0.000010     0.000           155      0        1        1.047091e-13   
2026-06-12 09:49:24    1.12         157      KMC_INSTAB      0.000011     0.000           156      0        1        1.084892e-13   
2026-06-12 09:49:24    1.13         158      KMC_INSTAB      0.000011     0.000           157      0        1        1.100259e-13   
2026-06-12 09:49:24    1.13         159      KMC             0.000011     0.000           158      0        1        1.102550e-13   
2026-06-12 09:49:24    1.14         160      KMC_INSTAB      0.000011     0.000           159      0        1        1.110476e-13   
2026-06-12 09:49:24    1.14         161      KMC_INSTAB      0.000011     0.000           160      0        1        1.118190e-13   
2026-06-12 09:49:24    1.15         162      KMC_INSTAB      0.000011     0.000           161      0        1        1.129648e-13   
2026-06-12 09:49:24    1.16         163      KMC_INSTAB      0.000012     0.000           162      0        1        1.153203e-13   
2026-06-12 09:49:24    1.16         164      KMC_INSTAB      0.000012     0.000           163      0        1        1.160073e-13   
2026-06-12 09:49:24    1.17         165      KMC_INSTAB      0.000012     0.000           164      0        1        1.169268e-13   
2026-06-12 09:49:24    1.17         166      KMC_INSTAB      0.000012     0.000           165      0        1        1.176510e-13   
2026-06-12 09:49:24    1.18         167      KMC_INSTAB      0.000012     0.000           166      0        1        1.179954e-13   
2026-06-12 09:49:24    1.18         168      KMC_INSTAB      0.000012     0.000           167      0        1        1.187210e-13   
2026-06-12 09:49:24    1.19         169      KMC_INSTAB      0.000012     0.000           168      0        1        1.200936e-13   
2026-06-12 09:49:24    1.20         170      KMC_INSTAB      0.000012     0.000           169      0        1        1.204514e-13   
2026-06-12 09:49:24    1.20         171      KMC_INSTAB      0.000012     0.000           170      0        1        1.218102e-13   
2026-06-12 09:49:24    1.21         172      KMC_INSTAB      0.000012     0.000           171      0        1        1.220710e-13   
2026-06-12 09:49:24    1.21         173      KMC_INSTAB      0.000012     0.000           172      0        1        1.233288e-13   
2026-06-12 09:49:24    1.22         174      KMC             0.000012     0.000           173      0        1        1.249002e-13   
2026-06-12 09:49:24    1.22         175      KMC             0.000013     0.000           174      0        1        1.258323e-13   
2026-06-12 09:49:24    1.23         176      KMC_INSTAB      0.000013     0.000           175      0        1        1.269781e-13   
2026-06-12 09:49:24    1.24         177      KMC_INSTAB      0.000013     0.000           176      0        1        1.310686e-13   
2026-06-12 09:49:24    1.24         178      KMC_INSTAB      0.000013     0.000           177      0        1        1.322132e-13   
2026-06-12 09:49:24    1.25         179      KMC_INSTAB      0.000013     0.000           178      0        1        1.328728e-13   
2026-06-12 09:49:24    1.25         180      KMC_INSTAB      0.000013     0.000           179      0        1        1.329111e-13   
2026-06-12 09:49:24    1.26         181      KMC_INSTAB      0.000013     0.000           180      0        1        1.332510e-13   
2026-06-12 09:49:24    1.26         182      KMC             0.000013     0.000           181      0        1        1.349532e-13   
2026-06-12 09:49:24    1.27         183      KMC_INSTAB      0.000014     0.000           182      0        1        1.358034e-13   
2026-06-12 09:49:24    1.27         184      KMC_INSTAB      0.000014     0.000           183      0        1        1.365498e-13   
2026-06-12 09:49:24    1.28         185      KMC_INSTAB      0.000014     0.000           184      0        1        1.366960e-13   
2026-06-12 09:49:24    1.29         186      KMC_INSTAB      0.000014     0.000           185      0        1        1.372536e-13   
2026-06-12 09:49:24    1.29         187      KMC_INSTAB      0.000014     0.000           186      0        1        1.377474e-13   
2026-06-12 09:49:24    1.30         188      KMC_INSTAB      0.000014     0.000           187      0        1        1.387562e-13   
2026-06-12 09:49:24    1.30         189      KMC_INSTAB      0.000014     0.000           188      0        1        1.408516e-13   
2026-06-12 09:49:24    1.31         190      KMC_INSTAB      0.000014     0.000           189      0        1        1.417211e-13   
2026-06-12 09:49:24    1.31         191      KMC_INSTAB      0.000014     0.000           190      0        1        1.449717e-13   
2026-06-12 09:49:24    1.32         192      KMC_INSTAB      0.000015     0.000           191      0        1        1.493434e-13   
2026-06-12 09:49:24    1.32         193      KMC_INSTAB      0.000015     0.000           192      0        1        1.495443e-13   
2026-06-12 09:49:24    1.33         194      KMC_INSTAB      0.000015     0.000           193      0        1        1.518632e-13   
2026-06-12 09:49:24    1.33         195      KMC_INSTAB      0.000016     0.000           194      0        1        1.589275e-13   
2026-06-12 09:49:24    1.34         196      KMC_INSTAB      0.000016     0.000           195      0        1        1.605304e-13   
2026-06-12 09:49:24    1.34         197      KMC_INSTAB      0.000016     0.000           196      0        1        1.612752e-13   
2026-06-12 09:49:24    1.35         198      KMC_INSTAB      0.000016     0.000           197      0        1        1.639494e-13   
2026-06-12 09:49:24    1.36         199      KMC             0.000016     0.000           198      0        1        1.645119e-13   
2026-06-12 09:49:24    1.37         200      KMC_INSTAB      0.000017     0.002           199      0        1        1.657055e-13   
2026-06-12 09:49:24    1.38         201      KMC_INSTAB      0.000017     0.002           200      0        1        1.658964e-13   
2026-06-12 09:49:24    1.38         202      KMC_INSTAB      0.000017     0.002           201      0        1        1.709154e-13   
2026-06-12 09:49:24    1.39         203      KMC             0.000017     0.002           202      0        1        1.746767e-13   
2026-06-12 09:49:24    1.40         204      KMC_INSTAB      0.000017     0.002           203      0        1        1.748087e-13   
2026-06-12 09:49:24    1.40         205      KMC_INSTAB      0.000018     0.002           204      0        1        1.789414e-13   
2026-06-12 09:49:24    1.41         206      KMC_INSTAB      0.000018     0.002           205      0        1        1.792909e-13   
2026-06-12 09:49:24    1.41         207      KMC             0.000018     0.002           206      0        1        1.797661e-13   
2026-06-12 09:49:24    1.42         208      KMC_INSTAB      0.000018     0.002           207      0        1        1.805343e-13   
2026-06-12 09:49:24    1.43         209      KMC_INSTAB      0.000018     0.002           208      0        1        1.819561e-13   
2026-06-12 09:49:24    1.43         210      KMC_INSTAB      0.000019     0.002           209      0        1        1.930544e-13   
2026-06-12 09:49:24    1.44         211      KMC_INSTAB      0.000020     0.002           210      0        1        1.951618e-13   
2026-06-12 09:49:24    1.44         212      KMC_INSTAB      0.000020     0.002           211      0        1        1.953844e-13   
2026-06-12 09:49:24    1.45         213      KMC_INSTAB      0.000020     0.002           212      0        1        1.954526e-13   
2026-06-12 09:49:24    1.45         214      KMC_INSTAB      0.000020     0.002           213      0        1        1.955156e-13   
2026-06-12 09:49:24    1.46         215      KMC_INSTAB      0.000020     0.002           214      0        1        1.990671e-13   
2026-06-12 09:49:24    1.47         216      KMC             0.000020     0.002           215      0        1        2.016055e-13   
2026-06-12 09:49:24    1.47         217      KMC_INSTAB      0.000020     0.002           216      0        1        2.034705e-13   
2026-06-12 09:49:24    1.48         218      KMC_INSTAB      0.000021     0.002           217      0        1        2.102513e-13   
2026-06-12 09:49:24    1.48         219      KMC_INSTAB      0.000021     0.002           218      0        1        2.107217e-13   
2026-06-12 09:49:24    1.49         220      KMC_INSTAB      0.000022     0.002           219      0        1        2.161177e-13   
2026-06-12 09:49:24    1.49         221      KMC_INSTAB      0.000022     0.002           220      0        1        2.166745e-13   
2026-06-12 09:49:24    1.50         222      KMC_INSTAB      0.000022     0.002           221      0        1        2.180791e-13   
2026-06-12 09:49:24    1.51         223      KMC_INSTAB      0.000022     0.002           222      0        1        2.187782e-13   
2026-06-12 09:49:24    1.51         224      KMC_INSTAB      0.000022     0.002           223      0        1        2.196160e-13   
2026-06-12 09:49:24    1.52         225      KMC_INSTAB      0.000022     0.002           224      0        1        2.198015e-13   
2026-06-12 09:49:24    1.52         226      KMC_INSTAB      0.000022     0.002           225      0        1        2.210982e-13   
2026-06-12 09:49:24    1.53         227      KMC_INSTAB      0.000022     0.002           226      0        1        2.241301e-13   
2026-06-12 09:49:24    1.53         228      KMC_INSTAB      0.000023     0.002           227      0        1        2.336687e-13   
2026-06-12 09:49:24    1.54         229      KMC_INSTAB      0.000023     0.002           228      0        1        2.344407e-13   
2026-06-12 09:49:24    1.54         230      KMC_INSTAB      0.000024     0.002           229      0        1        2.358252e-13   
2026-06-12 09:49:24    1.55         231      KMC_INSTAB      0.000024     0.002           230      0        1        2.372662e-13   
2026-06-12 09:49:24    1.56         232      KMC_INSTAB      0.000024     0.002           231      0        1        2.388406e-13   
2026-06-12 09:49:24    1.56         233      KMC_INSTAB      0.000024     0.002           232      0        1        2.388554e-13   
2026-06-12 09:49:24    1.57         234      KMC_INSTAB      0.000024     0.002           233      0        1        2.398843e-13   
2026-06-12 09:49:24    1.57         235      KMC_INSTAB      0.000024     0.002           234      0        1        2.422589e-13   
2026-06-12 09:49:24    1.58         236      KMC_INSTAB      0.000025     0.002           235      0        1        2.461120e-13   
2026-06-12 09:49:24    1.58         237      KMC             0.000025     0.002           236      0        1        2.466525e-13   
2026-06-12 09:49:24    1.59         238      KMC_INSTAB      0.000025     0.002           237      0        1        2.472957e-13   
2026-06-12 09:49:24    1.59         239      KMC             0.000025     0.002           238      0        1        2.501895e-13   
2026-06-12 09:49:24    1.60         240      KMC_INSTAB      0.000025     0.002           239      0        1        2.529923e-13   
2026-06-12 09:49:24    1.60         241      KMC_INSTAB      0.000026     0.002           240      0        1        2.569659e-13   
2026-06-12 09:49:24    1.61         242      KMC_INSTAB      0.000026     0.002           241      0        1        2.607496e-13   
2026-06-12 09:49:24    1.61         243      KMC_INSTAB      0.000026     0.002           242      0        1        2.630749e-13   
2026-06-12 09:49:24    1.62         244      KMC_INSTAB      0.000026     0.002           243      0        1        2.638414e-13   
2026-06-12 09:49:24    1.62         245      KMC_INSTAB      0.000027     0.002           244      0        1        2.660952e-13   
2026-06-12 09:49:24    1.63         246      KMC             0.000028     0.002           245      0        1        2.776104e-13   
2026-06-12 09:49:24    1.63         247      KMC             0.000028     0.002           246      0        1        2.811316e-13   
2026-06-12 09:49:24    1.64         248      KMC_INSTAB      0.000029     0.002           247      0        1        2.894952e-13   
2026-06-12 09:49:24    1.65         249      KMC_INSTAB      0.000029     0.002           248      0        1        2.911633e-13   
2026-06-12 09:49:24    1.65         250      KMC             0.000030     0.002           249      0        1        2.952327e-13   
2026-06-12 09:49:24    1.66         251      KMC_INSTAB      0.000030     0.002           250      0        1        3.017016e-13   
2026-06-12 09:49:24    1.66         252      KMC             0.000031     0.002           251      0        1        3.053407e-13   
2026-06-12 09:49:24    1.67         253      KMC_INSTAB      0.000031     0.002           252      0        1        3.081062e-13   
2026-06-12 09:49:24    1.67         254      KMC_INSTAB      0.000031     0.002           253      0        1        3.086919e-13   
2026-06-12 09:49:24    1.68         255      KMC             0.000032     0.002           254      0        1        3.170017e-13   
2026-06-12 09:49:24    1.69         256      KMC_INSTAB      0.000033     0.002           255      0        1        3.253020e-13   
2026-06-12 09:49:24    1.69         257      KMC_INSTAB      0.000033     0.002           256      0        1        3.270145e-13   
2026-06-12 09:49:24    1.70         258      KMC             0.000033     0.002           257      0        1        3.293917e-13   
2026-06-12 09:49:24    1.70         259      KMC_INSTAB      0.000033     0.002           258      0        1        3.306827e-13   
2026-06-12 09:49:24    1.71         260      KMC_INSTAB      0.000033     0.002           259      0        1        3.336482e-13   
2026-06-12 09:49:24    1.71         261      KMC_INSTAB      0.000033     0.002           260      0        1        3.342590e-13   
2026-06-12 09:49:24    1.72         262      KMC_INSTAB      0.000033     0.002           261      0        1        3.343150e-13   
2026-06-12 09:49:24    1.72         263      KMC_INSTAB      0.000034     0.002           262      0        1        3.381421e-13   
2026-06-12 09:49:24    1.73         264      KMC_INSTAB      0.000035     0.002           263      0        1        3.503355e-13   
2026-06-12 09:49:24    1.73         265      KMC_INSTAB      0.000035     0.002           264      0        1        3.531830e-13   
2026-06-12 09:49:24    1.74         266      KMC             0.000035     0.002           265      0        1        3.546661e-13   
2026-06-12 09:49:24    1.75         267      KMC_INSTAB      0.000036     0.002           266      0        1        3.555152e-13   
2026-06-12 09:49:24    1.75         268      KMC_INSTAB      0.000036     0.002           267      0        1        3.570156e-13   
2026-06-12 09:49:24    1.76         269      KMC_INSTAB      0.000037     0.002           268      0        1        3.651909e-13   
2026-06-12 09:49:24    1.76         270      KMC_INSTAB      0.000038     0.002           269      0        1        3.761146e-13   
2026-06-12 09:49:24    1.77         271      KMC_INSTAB      0.000038     0.002           270      0        1        3.801104e-13   
2026-06-12 09:49:24    1.77         272      KMC             0.000038     0.002           271      0        1        3.843751e-13   
2026-06-12 09:49:24    1.78         273      KMC             0.000041     0.002           272      0        1        4.068635e-13   
2026-06-12 09:49:24    1.78         274      KMC_INSTAB      0.000041     0.002           273      0        1        4.119586e-13   
2026-06-12 09:49:24    1.79         275      KMC_INSTAB      0.000042     0.002           274      0        1        4.196334e-13   
2026-06-12 09:49:24    1.79         276      KMC_INSTAB      0.000042     0.002           275      0        1        4.213821e-13   
2026-06-12 09:49:24    1.80         277      KMC_INSTAB      0.000043     0.002           276      0        1        4.343916e-13   
2026-06-12 09:49:24    1.81         278      KMC_INSTAB      0.000044     0.002           277      0        1        4.398604e-13   
2026-06-12 09:49:24    1.81         279      KMC             0.000045     0.002           278      0        1        4.469939e-13   
2026-06-12 09:49:24    1.82         280      KMC_INSTAB      0.000049     0.002           279      0        1        4.902744e-13   
2026-06-12 09:49:24    1.82         281      KMC_INSTAB      0.000049     0.002           280      0        1        4.939572e-13   
2026-06-12 09:49:24    1.83         282      KMC_INSTAB      0.000050     0.002           281      0        1        4.959932e-13   
2026-06-12 09:49:24    1.83         283      KMC_INSTAB      0.000051     0.002           282      0        1        5.066017e-13   
2026-06-12 09:49:24    1.84         284      KMC_INSTAB      0.000056     0.002           283      0        1        5.554687e-13   
2026-06-12 09:49:24    1.84         285      KMC_INSTAB      0.000059     0.002           284      0        1        5.864753e-13   
2026-06-12 09:49:24    1.85         286      KMC             0.000059     0.002           285      0        1        5.925975e-13   
2026-06-12 09:49:24    1.86         287      KMC             0.000060     0.002           286      0        1        5.974104e-13   
2026-06-12 09:49:24    1.86         288      KMC             0.000075     0.002           287      0        1        7.466999e-13   
2026-06-12 09:49:24    1.87         289      KMC             0.000078     0.002           288      0        1        7.782076e-13   
2026-06-12 09:49:24    1.87         290      KMC             0.000086     0.002           289      0        1        8.593359e-13   
2026-06-12 09:49:24    1.89         291      ELASTIC         0.000100     0.009           290      0        0        1.000000e-12   
2026-06-12 09:49:24    1.90         292      KMC_INSTAB      0.000102     0.009           290      0        1        1.019987e-12   
2026-06-12 09:49:24    1.91         293      KMC_INSTAB      0.000102     0.009           291      0        1        1.024605e-12   
2026-06-12 09:49:24    1.91         294      KMC_INSTAB      0.000106     0.009           292      0        1        1.057620e-12   
2026-06-12 09:49:24    1.92         295      KMC_INSTAB      0.000109     0.009           293      0        1        1.088527e-12   
2026-06-12 09:49:24    1.92         296      KMC_INSTAB      0.000113     0.009           294      0        1        1.132914e-12   
2026-06-12 09:49:24    1.93         297      KMC             0.000115     0.009           295      0        1        1.147238e-12   
2026-06-12 09:49:24    1.93         298      KMC_INSTAB      0.000118     0.009           296      0        1        1.181420e-12   
2026-06-12 09:49:24    1.94         299      KMC             0.000120     0.009           297      0        1        1.201897e-12   
2026-06-12 09:49:24    1.94         300      KMC             0.000124     0.009           298      0        1        1.235622e-12   
2026-06-12 09:49:24    1.96         301      KMC             0.000148     0.014           299      0        1        1.475096e-12   
2026-06-12 09:49:25    1.97         302      KMC_INSTAB      0.000157     0.014           300      0        1        1.574494e-12   
2026-06-12 09:49:25    1.97         303      KMC             0.000161     0.014           301      0        1        1.608713e-12   
2026-06-12 09:49:25    1.98         304      KMC_INSTAB      0.000164     0.014           302      0        1        1.638776e-12   
2026-06-12 09:49:25    1.98         305      KMC             0.000171     0.014           303      0        1        1.711094e-12   
2026-06-12 09:49:25    1.99         306      KMC_INSTAB      0.000173     0.014           304      0        1        1.730472e-12   
2026-06-12 09:49:25    1.99         307      KMC             0.000178     0.014           305      0        1        1.776825e-12   
2026-06-12 09:49:25    2.00         308      KMC_INSTAB      0.000182     0.014           306      0        1        1.824986e-12   
2026-06-12 09:49:25    2.03         309      ELASTIC         0.000200     0.015           307      0        0        2.000000e-12   
2026-06-12 09:49:25    2.03         310      KMC             0.000213     0.015           307      0        1        2.126372e-12   
2026-06-12 09:49:25    2.04         311      KMC             0.000246     0.015           308      0        1        2.455933e-12   
2026-06-12 09:49:25    2.04         312      KMC             0.000255     0.015           309      0        1        2.545242e-12   
2026-06-12 09:49:25    2.07         313      ELASTIC         0.000300     0.021           310      0        0        3.000000e-12   
2026-06-12 09:49:25    2.08         314      KMC             0.000361     0.021           310      0        1        3.612339e-12   
2026-06-12 09:49:25    2.10         315      ELASTIC         0.000400     0.029           311      0        0        4.000000e-12   
2026-06-12 09:49:25    2.11         316      KMC             0.000480     0.029           311      0        1        4.801181e-12   
2026-06-12 09:49:25    2.11         317      KMC_INSTAB      0.000483     0.029           312      0        1        4.833112e-12   
2026-06-12 09:49:25    2.14         318      ELASTIC         0.000500     0.036           313      0        0        5.000000e-12   
2026-06-12 09:49:25    2.15         319      KMC_INSTAB      0.000503     0.036           313      0        1        5.033130e-12   
2026-06-12 09:49:25    2.18         320      ELASTIC         0.000600     0.043           314      0        0        6.000000e-12   
2026-06-12 09:49:25    2.18         321      KMC             0.000603     0.043           314      0        1        6.032323e-12   
2026-06-12 09:49:25    2.19         322      KMC             0.000618     0.043           315      0        1        6.178470e-12   
2026-06-12 09:49:25    2.19         323      KMC             0.000694     0.043           316      0        1        6.935272e-12   
2026-06-12 09:49:25    2.22         324      ELASTIC         0.000700     0.049           317      0        0        7.000000e-12   
2026-06-12 09:49:25    2.23         325      KMC             0.000703     0.049           317      0        1        7.025958e-12   
2026-06-12 09:49:25    2.23         326      KMC             0.000729     0.049           318      0        1        7.291880e-12   
2026-06-12 09:49:25    2.26         327      ELASTIC         0.000800     0.056           319      0        0        8.000000e-12   
2026-06-12 09:49:25    2.27         328      KMC_INSTAB      0.000802     0.056           319      0        1        8.023081e-12   
2026-06-12 09:49:25    2.27         329      KMC             0.000882     0.056           320      0        1        8.823973e-12   
2026-06-12 09:49:25    2.30         330      ELASTIC         0.000900     0.062           321      0        0        9.000000e-12   
2026-06-12 09:49:25    2.33         331      ELASTIC         0.001000     0.069           321      0        0        1.000000e-11   
2026-06-12 09:49:25    2.34         332      ELASTIC         0.001100     0.077           321      0        0        1.100000e-11   
2026-06-12 09:49:25    2.37         333      ELASTIC         0.001200     0.084           321      0        0        1.200000e-11   
2026-06-12 09:49:25    2.37         334      KMC             0.001266     0.084           321      0        1        1.265738e-11   
2026-06-12 09:49:25    2.38         335      KMC_INSTAB      0.001279     0.084           322      0        1        1.278724e-11   
2026-06-12 09:49:25    2.39         336      KMC_INSTAB      0.001285     0.084           323      0        1        1.284824e-11   
2026-06-12 09:49:25    2.41         337      ELASTIC         0.001300     0.091           324      0        0        1.300000e-11   
2026-06-12 09:49:25    2.44         338      ELASTIC         0.001400     0.098           324      0        0        1.400000e-11   
2026-06-12 09:49:25    2.44         339      KMC             0.001489     0.098           324      0        1        1.489150e-11   
2026-06-12 09:49:25    2.47         340      ELASTIC         0.001500     0.104           325      0        0        1.500000e-11   
2026-06-12 09:49:25    2.48         341      KMC             0.001508     0.104           325      0        1        1.508419e-11   
2026-06-12 09:49:25    2.48         342      KMC             0.001543     0.104           326      0        1        1.543043e-11   
2026-06-12 09:49:25    2.51         343      ELASTIC         0.001600     0.111           327      0        0        1.600000e-11   
2026-06-12 09:49:25    2.52         344      KMC             0.001624     0.111           327      0        1        1.624050e-11   
2026-06-12 09:49:25    2.52         345      KMC_INSTAB      0.001626     0.111           328      0        1        1.625971e-11   
2026-06-12 09:49:25    2.53         346      KMC             0.001635     0.111           329      0        1        1.634520e-11   
2026-06-12 09:49:25    2.53         347      KMC             0.001640     0.111           330      0        1        1.640242e-11   
2026-06-12 09:49:25    2.54         348      KMC_INSTAB      0.001641     0.111           331      0        1        1.641348e-11   
2026-06-12 09:49:25    2.54         349      KMC             0.001676     0.111           332      0        1        1.675664e-11   
2026-06-12 09:49:25    2.55         350      KMC_INSTAB      0.001682     0.111           333      0        1        1.681593e-11   
2026-06-12 09:49:25    2.58         351      ELASTIC         0.001700     0.117           334      0        0        1.700000e-11   
2026-06-12 09:49:25    2.59         352      KMC             0.001786     0.117           334      0        1        1.786453e-11   
2026-06-12 09:49:25    2.61         353      ELASTIC         0.001800     0.124           335      0        0        1.800000e-11   
2026-06-12 09:49:25    2.63         354      ELASTIC         0.001900     0.131           335      0        0        1.900000e-11   
2026-06-12 09:49:25    2.66         355      ELASTIC         0.002000     0.138           335      0        0        2.000000e-11   
2026-06-12 09:49:25    2.67         356      ELASTIC         0.002100     0.146           335      0        0        2.100000e-11   
2026-06-12 09:49:25    2.70         357      ELASTIC         0.002200     0.152           335      0        0        2.200000e-11   
2026-06-12 09:49:25    2.72         358      ELASTIC         0.002300     0.159           335      0        0        2.300000e-11   
2026-06-12 09:49:25    2.73         359      KMC             0.002314     0.159           335      0        1        2.313685e-11   
2026-06-12 09:49:25    2.74         360      KMC             0.002342     0.159           336      0        1        2.342325e-11   
2026-06-12 09:49:25    2.76         361      ELASTIC         0.002400     0.166           337      0        0        2.400000e-11   
2026-06-12 09:49:25    2.77         362      KMC             0.002493     0.166           337      0        1        2.493462e-11   
2026-06-12 09:49:25    2.80         363      ELASTIC         0.002500     0.173           338      0        0        2.500000e-11   
2026-06-12 09:49:25    2.82         364      ELASTIC         0.002600     0.180           338      0        0        2.600000e-11   
2026-06-12 09:49:25    2.83         365      KMC             0.002673     0.180           338      0        1        2.673122e-11   
2026-06-12 09:49:25    2.83         366      KMC_INSTAB      0.002679     0.180           339      0        1        2.678557e-11   
2026-06-12 09:49:25    2.86         367      ELASTIC         0.002700     0.186           340      0        0        2.700000e-11   
2026-06-12 09:49:25    2.87         368      KMC             0.002742     0.186           340      0        1        2.741556e-11   
2026-06-12 09:49:25    2.90         369      ELASTIC         0.002800     0.193           341      0        0        2.800000e-11   
2026-06-12 09:49:25    2.90         370      KMC             0.002807     0.193           341      0        1        2.806778e-11   
2026-06-12 09:49:25    2.91         371      KMC             0.002809     0.193           342      0        1        2.808821e-11   
2026-06-12 09:49:25    2.91         372      KMC_INSTAB      0.002823     0.193           343      0        1        2.822631e-11   
2026-06-12 09:49:25    2.94         373      ELASTIC         0.002900     0.200           344      0        0        2.900000e-11   
2026-06-12 09:49:25    2.95         374      KMC             0.002920     0.200           344      0        1        2.919745e-11   
2026-06-12 09:49:26    2.98         375      ELASTIC         0.003000     0.207           345      0        0        3.000000e-11   
2026-06-12 09:49:26    3.00         376      ELASTIC         0.003100     0.214           345      0        0        3.100000e-11   
2026-06-12 09:49:26    3.02         377      ELASTIC         0.003200     0.222           345      0        0        3.200000e-11   
2026-06-12 09:49:26    3.02         378      KMC             0.003211     0.222           345      0        1        3.210817e-11   
2026-06-12 09:49:26    3.03         379      KMC             0.003286     0.222           346      0        1        3.285698e-11   
2026-06-12 09:49:26    3.05         380      ELASTIC         0.003300     0.228           347      0        0        3.300000e-11   
2026-06-12 09:49:26    3.06         381      KMC_INSTAB      0.003303     0.228           347      0        1        3.303181e-11   
2026-06-12 09:49:26    3.07         382      KMC_INSTAB      0.003313     0.228           348      0        1        3.312915e-11   
2026-06-12 09:49:26    3.07         383      KMC_INSTAB      0.003325     0.228           349      0        1        3.325052e-11   
2026-06-12 09:49:26    3.08         384      KMC             0.003370     0.228           350      0        1        3.369986e-11   
2026-06-12 09:49:26    3.10         385      ELASTIC         0.003400     0.235           351      0        0        3.400000e-11   
2026-06-12 09:49:26    3.11         386      KMC             0.003410     0.235           351      0        1        3.410207e-11   
2026-06-12 09:49:26    3.12         387      KMC             0.003416     0.235           352      0        1        3.416270e-11   
2026-06-12 09:49:26    3.12         388      KMC             0.003420     0.235           353      0        1        3.419738e-11   
2026-06-12 09:49:26    3.15         389      ELASTIC         0.003500     0.241           354      0        0        3.500000e-11   
2026-06-12 09:49:26    3.17         390      ELASTIC         0.003600     0.248           354      0        0        3.600000e-11   
2026-06-12 09:49:26    3.19         391      ELASTIC         0.003700     0.256           354      0        0        3.700000e-11   
2026-06-12 09:49:26    3.21         392      ELASTIC         0.003800     0.262           354      0        0        3.800000e-11   
2026-06-12 09:49:26    3.22         393      KMC             0.003878     0.262           354      0        1        3.877591e-11   
2026-06-12 09:49:26    3.22         394      KMC             0.003896     0.262           355      0        1        3.895810e-11   
2026-06-12 09:49:26    3.25         395      ELASTIC         0.003900     0.269           356      0        0        3.900000e-11   
2026-06-12 09:49:26    3.26         396      KMC             0.003907     0.269           356      0        1        3.907129e-11   
2026-06-12 09:49:26    3.29         397      ELASTIC         0.004000     0.276           357      0        0        4.000000e-11   
2026-06-12 09:49:26    3.29         398      KMC             0.004036     0.276           357      0        1        4.036475e-11   
2026-06-12 09:49:26    3.30         399      KMC             0.004071     0.276           358      0        1        4.070644e-11   
2026-06-12 09:49:26    3.33         400      ELASTIC         0.004100     0.282           359      0        0        4.100000e-11   
2026-06-12 09:49:26    3.35         401      ELASTIC         0.004200     0.289           359      0        0        4.200000e-11   
2026-06-12 09:49:26    3.37         402      ELASTIC         0.004300     0.297           359      0        0        4.300000e-11   
2026-06-12 09:49:26    3.39         403      ELASTIC         0.004400     0.303           359      0        0        4.400000e-11   
2026-06-12 09:49:26    3.41         404      ELASTIC         0.004500     0.310           359      0        0        4.500000e-11   
2026-06-12 09:49:26    3.43         405      ELASTIC         0.004600     0.318           359      0        0        4.600000e-11   
2026-06-12 09:49:26    3.43         406      KMC             0.004602     0.318           359      0        1        4.601638e-11   
2026-06-12 09:49:26    3.46         407      ELASTIC         0.004700     0.324           360      0        0        4.700000e-11   
2026-06-12 09:49:26    3.47         408      KMC             0.004718     0.324           360      0        1        4.718401e-11   
2026-06-12 09:49:26    3.47         409      KMC             0.004724     0.324           361      0        1        4.724486e-11   
2026-06-12 09:49:26    3.50         410      ELASTIC         0.004800     0.330           362      0        0        4.800000e-11   
2026-06-12 09:49:26    3.52         411      ELASTIC         0.004900     0.338           362      0        0        4.900000e-11   
2026-06-12 09:49:26    3.53         412      KMC             0.004940     0.338           362      0        1        4.939823e-11   
2026-06-12 09:49:26    3.53         413      KMC_INSTAB      0.004942     0.338           363      0        1        4.942483e-11   
2026-06-12 09:49:26    3.54         414      KMC_INSTAB      0.004952     0.338           364      0        1        4.951967e-11   
2026-06-12 09:49:26    3.54         415      KMC_INSTAB      0.004957     0.338           365      0        1        4.956626e-11   
2026-06-12 09:49:26    3.55         416      KMC_INSTAB      0.004962     0.338           366      0        1        4.962153e-11   
2026-06-12 09:49:26    3.55         417      KMC_INSTAB      0.004965     0.338           367      0        1        4.965072e-11   
2026-06-12 09:49:26    3.56         418      KMC_INSTAB      0.004973     0.338           368      0        1        4.973041e-11   
2026-06-12 09:49:26    3.59         419      ELASTIC         0.005000     0.344           369      0        0        5.000000e-11   
2026-06-12 09:49:26    3.60         420      KMC             0.005013     0.344           369      0        1        5.012576e-11   
2026-06-12 09:49:26    3.60         421      KMC_INSTAB      0.005016     0.344           370      0        1        5.016291e-11   
2026-06-12 09:49:26    3.61         422      KMC_INSTAB      0.005022     0.344           371      0        1        5.022105e-11   
2026-06-12 09:49:26    3.63         423      ELASTIC         0.005100     0.352           372      0        0        5.100000e-11   
2026-06-12 09:49:26    3.65         424      ELASTIC         0.005200     0.359           372      0        0        5.200000e-11   
2026-06-12 09:49:26    3.68         425      ELASTIC         0.005300     0.366           372      0        0        5.300000e-11   
2026-06-12 09:49:26    3.70         426      ELASTIC         0.005400     0.373           372      0        0        5.400000e-11   
2026-06-12 09:49:26    3.72         427      ELASTIC         0.005500     0.380           372      0        0        5.500000e-11   
2026-06-12 09:49:26    3.74         428      ELASTIC         0.005600     0.387           372      0        0        5.600000e-11   
2026-06-12 09:49:26    3.76         429      ELASTIC         0.005700     0.394           372      0        0        5.700000e-11   
2026-06-12 09:49:26    3.76         430      KMC             0.005725     0.394           372      0        1        5.724767e-11   
2026-06-12 09:49:26    3.77         431      KMC_INSTAB      0.005744     0.394           373      0        1        5.743681e-11   
2026-06-12 09:49:26    3.77         432      KMC_INSTAB      0.005750     0.394           374      0        1        5.749559e-11   
2026-06-12 09:49:26    3.78         433      KMC_INSTAB      0.005750     0.394           375      0        1        5.750123e-11   
2026-06-12 09:49:26    3.81         434      ELASTIC         0.005800     0.401           376      0        0        5.800000e-11   
2026-06-12 09:49:26    3.81         435      KMC             0.005830     0.401           376      0        1        5.830062e-11   
2026-06-12 09:49:26    3.84         436      ELASTIC         0.005900     0.408           377      0        0        5.900000e-11   
2026-06-12 09:49:26    3.86         437      ELASTIC         0.006000     0.415           377      0        0        6.000000e-11   
2026-06-12 09:49:26    3.88         438      ELASTIC         0.006100     0.423           377      0        0        6.100000e-11   
2026-06-12 09:49:26    3.90         439      ELASTIC         0.006200     0.430           377      0        0        6.200000e-11   
2026-06-12 09:49:26    3.91         440      KMC             0.006220     0.430           377      0        1        6.220124e-11   
2026-06-12 09:49:26    3.92         441      KMC             0.006252     0.430           378      0        1        6.251709e-11   
2026-06-12 09:49:26    3.95         442      ELASTIC         0.006300     0.436           379      0        0        6.300000e-11   
2026-06-12 09:49:26    3.95         443      KMC             0.006318     0.436           379      0        1        6.318389e-11   
2026-06-12 09:49:26    3.96         444      KMC             0.006338     0.436           380      0        1        6.338234e-11   
2026-06-12 09:49:26    3.96         445      KMC_INSTAB      0.006339     0.436           381      0        1        6.339443e-11   
2026-06-12 09:49:27    3.99         446      ELASTIC         0.006400     0.443           382      0        0        6.400000e-11   
2026-06-12 09:49:27    4.00         447      KMC             0.006440     0.443           382      0        1        6.440001e-11   
2026-06-12 09:49:27    4.00         448      KMC             0.006457     0.443           383      0        1        6.457363e-11   
2026-06-12 09:49:27    4.01         449      KMC             0.006484     0.443           384      0        1        6.483906e-11   
2026-06-12 09:49:27    4.04         450      ELASTIC         0.006500     0.449           385      0        0        6.500000e-11   
2026-06-12 09:49:27    4.06         451      ELASTIC         0.006600     0.456           385      0        0        6.600000e-11   
2026-06-12 09:49:27    4.08         452      ELASTIC         0.006700     0.464           385      0        0        6.700000e-11   
2026-06-12 09:49:27    4.08         453      KMC             0.006718     0.464           385      0        1        6.717659e-11   
2026-06-12 09:49:27    4.09         454      KMC             0.006781     0.464           386      0        1        6.780726e-11   
2026-06-12 09:49:27    4.11         455      ELASTIC         0.006800     0.469           387      0        0        6.800000e-11   
2026-06-12 09:49:27    4.14         456      ELASTIC         0.006900     0.476           387      0        0        6.900000e-11   
2026-06-12 09:49:27    4.16         457      ELASTIC         0.007000     0.484           387      0        0        7.000000e-11   
2026-06-12 09:49:27    4.18         458      ELASTIC         0.007100     0.491           387      0        0        7.100000e-11   
2026-06-12 09:49:27    4.20         459      ELASTIC         0.007200     0.498           387      0        0        7.200000e-11   
2026-06-12 09:49:27    4.21         460      KMC             0.007260     0.498           387      0        1        7.259982e-11   
2026-06-12 09:49:27    4.24         461      ELASTIC         0.007300     0.505           388      0        0        7.300000e-11   
2026-06-12 09:49:27    4.26         462      ELASTIC         0.007400     0.512           388      0        0        7.400000e-11   
2026-06-12 09:49:27    4.28         463      ELASTIC         0.007500     0.519           388      0        0        7.500000e-11   
2026-06-12 09:49:27    4.28         464      KMC             0.007541     0.519           388      0        1        7.541356e-11   
2026-06-12 09:49:27    4.31         465      ELASTIC         0.007600     0.526           389      0        0        7.600000e-11   
2026-06-12 09:49:27    4.33         466      ELASTIC         0.007700     0.533           389      0        0        7.700000e-11   
2026-06-12 09:49:27    4.34         467      KMC             0.007700     0.533           389      0        1        7.700486e-11   
2026-06-12 09:49:27    4.34         468      KMC             0.007715     0.533           390      0        1        7.714847e-11   
2026-06-12 09:49:27    4.37         469      ELASTIC         0.007800     0.539           391      0        0        7.800000e-11   
2026-06-12 09:49:27    4.38         470      KMC             0.007804     0.539           391      0        1        7.803681e-11   
2026-06-12 09:49:27    4.38         471      KMC_INSTAB      0.007809     0.539           392      0        1        7.808569e-11   
2026-06-12 09:49:27    4.39         472      KMC             0.007809     0.539           393      0        1        7.809413e-11   
2026-06-12 09:49:27    4.42         473      ELASTIC         0.007900     0.546           394      0        0        7.900000e-11   
2026-06-12 09:49:27    4.44         474      ELASTIC         0.008000     0.553           394      0        0        8.000000e-11   
2026-06-12 09:49:27    4.45         475      KMC             0.008091     0.553           394      0        1        8.090804e-11   
2026-06-12 09:49:27    4.47         476      ELASTIC         0.008100     0.560           395      0        0        8.100000e-11   
2026-06-12 09:49:27    4.50         477      ELASTIC         0.008200     0.567           395      0        0        8.200000e-11   
2026-06-12 09:49:27    4.52         478      ELASTIC         0.008300     0.574           395      0        0        8.300000e-11   
2026-06-12 09:49:27    4.52         479      KMC             0.008317     0.574           395      0        1        8.316816e-11   
2026-06-12 09:49:27    4.55         480      ELASTIC         0.008400     0.581           396      0        0        8.400000e-11   
2026-06-12 09:49:27    4.57         481      ELASTIC         0.008500     0.588           396      0        0        8.500000e-11   
2026-06-12 09:49:27    4.58         482      KMC             0.008560     0.588           396      0        1        8.559844e-11   
2026-06-12 09:49:27    4.61         483      ELASTIC         0.008600     0.595           397      0        0        8.600000e-11   
2026-06-12 09:49:27    4.63         484      ELASTIC         0.008700     0.602           397      0        0        8.700000e-11   
2026-06-12 09:49:27    4.65         485      ELASTIC         0.008800     0.609           397      0        0        8.800000e-11   
2026-06-12 09:49:27    4.67         486      ELASTIC         0.008900     0.616           397      0        0        8.900000e-11   
2026-06-12 09:49:27    4.70         487      ELASTIC         0.009000     0.623           397      0        0        9.000000e-11   
2026-06-12 09:49:27    4.71         488      ELASTIC         0.009100     0.630           397      0        0        9.100000e-11   
2026-06-12 09:49:27    4.74         489      ELASTIC         0.009200     0.637           397      0        0        9.200000e-11   
2026-06-12 09:49:27    4.76         490      ELASTIC         0.009300     0.644           397      0        0        9.300000e-11   
2026-06-12 09:49:27    4.77         491      KMC             0.009347     0.644           397      0        1        9.346560e-11   
2026-06-12 09:49:27    4.77         492      KMC_INSTAB      0.009353     0.644           398      0        1        9.352872e-11   
2026-06-12 09:49:27    4.79         493      KMC             0.009365     0.650           399      0        1        9.365067e-11   
2026-06-12 09:49:27    4.82         494      ELASTIC         0.009400     0.651           400      0        0        9.400000e-11   
2026-06-12 09:49:27    4.82         495      KMC             0.009486     0.651           400      0        1        9.486164e-11   
2026-06-12 09:49:27    4.85         496      ELASTIC         0.009500     0.657           401      0        0        9.500000e-11   
2026-06-12 09:49:27    4.86         497      KMC             0.009521     0.657           401      0        1        9.520710e-11   
2026-06-12 09:49:27    4.89         498      ELASTIC         0.009600     0.664           402      0        0        9.600000e-11   
2026-06-12 09:49:27    4.89         499      KMC             0.009632     0.664           402      0        1        9.631578e-11   
2026-06-12 09:49:27    4.90         500      KMC_INSTAB      0.009637     0.664           403      0        1        9.636762e-11   
2026-06-12 09:49:27    4.90         501      KMC             0.009660     0.664           404      0        1        9.659744e-11   
2026-06-12 09:49:27    4.93         502      ELASTIC         0.009700     0.671           405      0        0        9.700000e-11   
2026-06-12 09:49:27    4.94         503      KMC             0.009714     0.671           405      0        1        9.714292e-11   
2026-06-12 09:49:28    4.97         504      ELASTIC         0.009800     0.678           406      0        0        9.800000e-11   
2026-06-12 09:49:28    4.97         505      KMC             0.009820     0.678           406      0        1        9.819813e-11   
2026-06-12 09:49:28    5.00         506      ELASTIC         0.009900     0.685           407      0        0        9.900000e-11   
2026-06-12 09:49:28    5.01         507      KMC             0.009910     0.685           407      0        1        9.909983e-11   
2026-06-12 09:49:28    5.04         508      ELASTIC         0.010000     0.692           408      0        0        1.000000e-10   
2026-06-12 09:49:28    5.40         509      ELASTIC         0.010100     0.699           408      0        0        1.010000e-10   
2026-06-12 09:49:28    5.42         510      ELASTIC         0.010200     0.707           408      0        0        1.020000e-10   
2026-06-12 09:49:28    5.44         511      ELASTIC         0.010300     0.713           408      0        0        1.030000e-10   
2026-06-12 09:49:28    5.44         512      KMC             0.010313     0.713           408      0        1        1.031263e-10   
2026-06-12 09:49:28    5.45         513      KMC             0.010385     0.713           409      0        1        1.038539e-10   
2026-06-12 09:49:28    5.48         514      ELASTIC         0.010400     0.719           410      0        0        1.040000e-10   
2026-06-12 09:49:28    5.51         515      ELASTIC         0.010500     0.727           410      0        0        1.050000e-10   
2026-06-12 09:49:28    5.51         516      KMC             0.010546     0.727           410      0        1        1.054603e-10   
2026-06-12 09:49:28    5.52         517      KMC             0.010547     0.727           411      0        1        1.054703e-10   
2026-06-12 09:49:28    5.55         518      ELASTIC         0.010600     0.734           412      0        0        1.060000e-10   
2026-06-12 09:49:28    5.57         519      ELASTIC         0.010700     0.741           412      0        0        1.070000e-10   
2026-06-12 09:49:28    5.57         520      KMC             0.010726     0.741           412      0        1        1.072617e-10   
2026-06-12 09:49:28    5.60         521      ELASTIC         0.010800     0.748           413      0        0        1.080000e-10   
2026-06-12 09:49:28    5.61         522      KMC             0.010810     0.748           413      0        1        1.081017e-10   
2026-06-12 09:49:28    5.63         523      ELASTIC         0.010900     0.754           414      0        0        1.090000e-10   
2026-06-12 09:49:28    5.64         524      KMC             0.010932     0.754           414      0        1        1.093232e-10   
2026-06-12 09:49:28    5.67         525      ELASTIC         0.011000     0.761           415      0        0        1.100000e-10   
2026-06-12 09:49:28    5.69         526      ELASTIC         0.011100     0.768           415      0        0        1.110000e-10   
2026-06-12 09:49:28    5.71         527      ELASTIC         0.011200     0.776           415      0        0        1.120000e-10   
2026-06-12 09:49:28    5.71         528      KMC             0.011275     0.776           415      0        1        1.127490e-10   
2026-06-12 09:49:28    5.72         529      KMC_INSTAB      0.011278     0.776           416      0        1        1.127814e-10   
2026-06-12 09:49:28    5.73         530      KMC_INSTAB      0.011287     0.776           417      0        1        1.128725e-10   
2026-06-12 09:49:28    5.73         531      KMC             0.011288     0.776           418      0        1        1.128776e-10   
2026-06-12 09:49:28    5.76         532      ELASTIC         0.011300     0.782           419      0        0        1.130000e-10   
2026-06-12 09:49:28    5.77         533      KMC             0.011310     0.782           419      0        1        1.131003e-10   
2026-06-12 09:49:28    5.77         534      KMC             0.011320     0.782           420      0        1        1.132026e-10   
2026-06-12 09:49:28    5.78         535      KMC_INSTAB      0.011330     0.782           421      0        1        1.132964e-10   
2026-06-12 09:49:28    5.78         536      KMC_INSTAB      0.011330     0.782           422      0        1        1.133017e-10   
2026-06-12 09:49:28    5.79         537      KMC             0.011339     0.782           423      0        1        1.133904e-10   
2026-06-12 09:49:28    5.82         538      ELASTIC         0.011400     0.788           424      0        0        1.140000e-10   
2026-06-12 09:49:28    5.82         539      KMC             0.011477     0.788           424      0        1        1.147736e-10   
2026-06-12 09:49:28    5.85         540      ELASTIC         0.011500     0.795           425      0        0        1.150000e-10   
2026-06-12 09:49:28    5.87         541      ELASTIC         0.011600     0.803           425      0        0        1.160000e-10   
2026-06-12 09:49:28    5.88         542      KMC             0.011679     0.803           425      0        1        1.167876e-10   
2026-06-12 09:49:28    5.88         543      KMC_INSTAB      0.011684     0.803           426      0        1        1.168395e-10   
2026-06-12 09:49:28    5.91         544      ELASTIC         0.011700     0.809           427      0        0        1.170000e-10   
2026-06-12 09:49:28    5.92         545      KMC             0.011755     0.809           427      0        1        1.175545e-10   
2026-06-12 09:49:28    5.92         546      KMC             0.011761     0.809           428      0        1        1.176105e-10   
2026-06-12 09:49:28    5.93         547      KMC_INSTAB      0.011772     0.809           429      0        1        1.177217e-10   
2026-06-12 09:49:28    5.93         548      KMC_INSTAB      0.011782     0.809           430      0        1        1.178202e-10   
2026-06-12 09:49:28    5.94         549      KMC_INSTAB      0.011783     0.809           431      0        1        1.178256e-10   
2026-06-12 09:49:28    5.95         550      KMC_INSTAB      0.011783     0.809           432      0        1        1.178306e-10   
2026-06-12 09:49:29    5.98         551      ELASTIC         0.011800     0.817           433      0        0        1.180000e-10   
2026-06-12 09:49:29    5.99         552      ELASTIC         0.011900     0.824           433      0        0        1.190000e-10   
2026-06-12 09:49:29    6.02         553      ELASTIC         0.012000     0.831           433      0        0        1.200000e-10   
2026-06-12 09:49:29    6.03         554      KMC             0.012014     0.831           433      0        1        1.201433e-10   
2026-06-12 09:49:29    6.03         555      KMC_INSTAB      0.012016     0.831           434      0        1        1.201586e-10   
2026-06-12 09:49:29    6.04         556      KMC             0.012020     0.831           435      0        1        1.202004e-10   
2026-06-12 09:49:29    6.07         557      ELASTIC         0.012100     0.837           436      0        0        1.210000e-10   
2026-06-12 09:49:29    6.07         558      KMC             0.012143     0.837           436      0        1        1.214287e-10   
2026-06-12 09:49:29    6.10         559      ELASTIC         0.012200     0.844           437      0        0        1.220000e-10   
2026-06-12 09:49:29    6.11         560      KMC             0.012266     0.844           437      0        1        1.226649e-10   
2026-06-12 09:49:29    6.14         561      ELASTIC         0.012300     0.851           438      0        0        1.230000e-10   
2026-06-12 09:49:29    6.14         562      KMC             0.012312     0.851           438      0        1        1.231241e-10   
2026-06-12 09:49:29    6.17         563      ELASTIC         0.012400     0.858           439      0        0        1.240000e-10   
2026-06-12 09:49:29    6.20         564      ELASTIC         0.012500     0.865           439      0        0        1.250000e-10   
2026-06-12 09:49:29    6.20         565      KMC             0.012506     0.865           439      0        1        1.250610e-10   
2026-06-12 09:49:29    6.21         566      KMC_INSTAB      0.012522     0.865           440      0        1        1.252155e-10   
2026-06-12 09:49:29    6.21         567      KMC             0.012550     0.865           441      0        1        1.255011e-10   
2026-06-12 09:49:29    6.22         568      KMC_INSTAB      0.012559     0.865           442      0        1        1.255887e-10   
2026-06-12 09:49:29    6.23         569      KMC             0.012561     0.865           443      0        1        1.256080e-10   
2026-06-12 09:49:29    6.23         570      KMC             0.012599     0.865           444      0        1        1.259874e-10   
2026-06-12 09:49:29    6.26         571      ELASTIC         0.012600     0.869           445      0        0        1.260000e-10   
2026-06-12 09:49:29    6.27         572      KMC             0.012619     0.869           445      0        1        1.261878e-10   
2026-06-12 09:49:29    6.27         573      KMC             0.012669     0.869           446      0        1        1.266939e-10   
2026-06-12 09:49:29    6.30         574      ELASTIC         0.012700     0.877           447      0        0        1.270000e-10   
2026-06-12 09:49:29    6.32         575      ELASTIC         0.012800     0.884           447      0        0        1.280000e-10   
2026-06-12 09:49:29    6.34         576      ELASTIC         0.012900     0.891           447      0        0        1.290000e-10   
2026-06-12 09:49:29    6.35         577      KMC             0.012918     0.891           447      0        1        1.291771e-10   
2026-06-12 09:49:29    6.35         578      KMC_INSTAB      0.012921     0.891           448      0        1        1.292072e-10   
2026-06-12 09:49:29    6.36         579      KMC_INSTAB      0.012927     0.891           449      0        1        1.292694e-10   
2026-06-12 09:49:29    6.39         580      ELASTIC         0.013000     0.897           450      0        0        1.300000e-10   
2026-06-12 09:49:29    6.41         581      ELASTIC         0.013100     0.904           450      0        0        1.310000e-10   
2026-06-12 09:49:29    6.42         582      KMC             0.013153     0.904           450      0        1        1.315266e-10   
2026-06-12 09:49:29    6.45         583      ELASTIC         0.013200     0.911           451      0        0        1.320000e-10   
2026-06-12 09:49:29    6.46         584      KMC             0.013218     0.911           451      0        1        1.321824e-10   
2026-06-12 09:49:29    6.46         585      KMC_INSTAB      0.013235     0.911           452      0        1        1.323527e-10   
2026-06-12 09:49:29    6.48         586      ELASTIC         0.013300     0.918           453      0        0        1.330000e-10   
2026-06-12 09:49:29    6.49         587      KMC             0.013398     0.918           453      0        1        1.339766e-10   
2026-06-12 09:49:29    6.50         588      KMC_INSTAB      0.013400     0.918           454      0        1        1.339955e-10   
2026-06-12 09:49:29    6.53         589      ELASTIC         0.013400     0.925           455      0        0        1.340000e-10   
2026-06-12 09:49:29    6.55         590      ELASTIC         0.013500     0.932           455      0        0        1.350000e-10   
2026-06-12 09:49:29    6.56         591      KMC             0.013547     0.932           455      0        1        1.354662e-10   
2026-06-12 09:49:29    6.56         592      KMC             0.013553     0.932           456      0        1        1.355302e-10   
2026-06-12 09:49:29    6.59         593      ELASTIC         0.013600     0.938           457      0        0        1.360000e-10   
2026-06-12 09:49:29    6.61         594      ELASTIC         0.013700     0.945           457      0        0        1.370000e-10   
2026-06-12 09:49:29    6.62         595      KMC             0.013768     0.945           457      0        1        1.376786e-10   
2026-06-12 09:49:29    6.63         596      KMC_INSTAB      0.013774     0.945           458      0        1        1.377374e-10   
2026-06-12 09:49:29    6.66         597      ELASTIC         0.013800     0.952           459      0        0        1.380000e-10   
2026-06-12 09:49:29    6.68         598      ELASTIC         0.013900     0.959           459      0        0        1.390000e-10   
2026-06-12 09:49:29    6.69         599      KMC             0.013944     0.959           459      0        1        1.394436e-10   
2026-06-12 09:49:29    6.70         600      KMC_INSTAB      0.013954     0.959           460      0        1        1.395441e-10   
2026-06-12 09:49:29    6.70         601      KMC_INSTAB      0.013955     0.959           461      0        1        1.395544e-10   
2026-06-12 09:49:29    6.73         602      ELASTIC         0.014000     0.966           462      0        0        1.400000e-10   
2026-06-12 09:49:29    6.75         603      ELASTIC         0.014100     0.974           462      0        0        1.410000e-10   
2026-06-12 09:49:29    6.78         604      ELASTIC         0.014200     0.980           462      0        0        1.420000e-10   
2026-06-12 09:49:29    6.80         605      ELASTIC         0.014300     0.987           462      0        0        1.430000e-10   
2026-06-12 09:49:29    6.82         606      ELASTIC         0.014400     0.995           462      0        0        1.440000e-10   
2026-06-12 09:49:29    6.82         607      KMC             0.014405     0.995           462      0        1        1.440542e-10   
2026-06-12 09:49:29    6.83         608      KMC_INSTAB      0.014410     0.995           463      0        1        1.441030e-10   
2026-06-12 09:49:29    6.86         609      ELASTIC         0.014500     1.001           464      0        0        1.450000e-10   
2026-06-12 09:49:29    6.86         610      KMC             0.014542     1.001           464      0        1        1.454156e-10   
2026-06-12 09:49:29    6.89         611      ELASTIC         0.014600     1.008           465      0        0        1.460000e-10   
2026-06-12 09:49:29    6.90         612      KMC             0.014667     1.008           465      0        1        1.466661e-10   
2026-06-12 09:49:29    6.93         613      ELASTIC         0.014700     1.014           466      0        0        1.470000e-10   
2026-06-12 09:49:29    6.95         614      ELASTIC         0.014800     1.022           466      0        0        1.480000e-10   
2026-06-12 09:49:29    6.96         615      KMC             0.014856     1.022           466      0        1        1.485567e-10   
2026-06-12 09:49:30    6.96         616      KMC             0.014858     1.022           467      0        1        1.485848e-10   
2026-06-12 09:49:30    6.97         617      KMC             0.014865     1.022           468      0        1        1.486528e-10   
2026-06-12 09:49:30    6.98         618      KMC_INSTAB      0.014869     1.022           469      0        1        1.486929e-10   
2026-06-12 09:49:30    6.98         619      KMC_INSTAB      0.014874     1.022           470      0        1        1.487383e-10   
2026-06-12 09:49:30    6.99         620      KMC             0.014889     1.022           471      0        1        1.488944e-10   
2026-06-12 09:49:30    7.02         621      ELASTIC         0.014900     1.027           472      0        0        1.490000e-10   
2026-06-12 09:49:30    7.03         622      KMC             0.014923     1.027           472      0        1        1.492350e-10   
2026-06-12 09:49:30    7.03         623      KMC             0.014959     1.027           473      0        1        1.495940e-10   
2026-06-12 09:49:30    7.06         624      ELASTIC         0.015000     1.034           474      0        0        1.500000e-10   
2026-06-12 09:49:30    7.09         625      ELASTIC         0.015100     1.041           474      0        0        1.510000e-10   
2026-06-12 09:49:30    7.11         626      ELASTIC         0.015200     1.048           474      0        0        1.520000e-10   
2026-06-12 09:49:30    7.13         627      ELASTIC         0.015300     1.055           474      0        0        1.530000e-10   
2026-06-12 09:49:30    7.16         628      ELASTIC         0.015400     1.062           474      0        0        1.540000e-10   
2026-06-12 09:49:30    7.17         629      ELASTIC         0.015500     1.070           474      0        0        1.550000e-10   
2026-06-12 09:49:30    7.20         630      ELASTIC         0.015600     1.076           474      0        0        1.560000e-10   
2026-06-12 09:49:30    7.20         631      KMC             0.015607     1.076           474      0        1        1.560678e-10   
2026-06-12 09:49:30    7.21         632      KMC_INSTAB      0.015615     1.076           475      0        1        1.561545e-10   
2026-06-12 09:49:30    7.22         633      KMC             0.015634     1.076           476      0        1        1.563354e-10   
2026-06-12 09:49:30    7.22         634      KMC_INSTAB      0.015635     1.076           477      0        1        1.563541e-10   
2026-06-12 09:49:30    7.25         635      ELASTIC         0.015700     1.083           478      0        0        1.570000e-10   
2026-06-12 09:49:30    7.28         636      ELASTIC         0.015800     1.090           478      0        0        1.580000e-10   
2026-06-12 09:49:30    7.28         637      KMC             0.015827     1.090           478      0        1        1.582703e-10   
2026-06-12 09:49:30    7.29         638      KMC_INSTAB      0.015828     1.090           479      0        1        1.582785e-10   
2026-06-12 09:49:30    7.29         639      KMC_INSTAB      0.015833     1.090           480      0        1        1.583339e-10   
2026-06-12 09:49:30    7.32         640      ELASTIC         0.015900     1.096           481      0        0        1.590000e-10   
2026-06-12 09:49:30    7.35         641      ELASTIC         0.016000     1.103           481      0        0        1.600000e-10   
2026-06-12 09:49:30    7.36         642      KMC             0.016037     1.103           481      0        1        1.603716e-10   
2026-06-12 09:49:30    7.36         643      KMC             0.016048     1.103           482      0        1        1.604835e-10   
2026-06-12 09:49:30    7.39         644      ELASTIC         0.016100     1.110           483      0        0        1.610000e-10   
2026-06-12 09:49:30    7.42         645      ELASTIC         0.016200     1.117           483      0        0        1.620000e-10   
2026-06-12 09:49:30    7.42         646      KMC             0.016216     1.117           483      0        1        1.621589e-10   
2026-06-12 09:49:30    7.45         647      ELASTIC         0.016300     1.123           484      0        0        1.630000e-10   
2026-06-12 09:49:30    7.46         648      KMC             0.016308     1.123           484      0        1        1.630765e-10   
2026-06-12 09:49:30    7.49         649      ELASTIC         0.016400     1.130           485      0        0        1.640000e-10   
2026-06-12 09:49:30    7.51         650      ELASTIC         0.016500     1.137           485      0        0        1.650000e-10   
2026-06-12 09:49:30    7.53         651      ELASTIC         0.016600     1.145           485      0        0        1.660000e-10   
2026-06-12 09:49:30    7.54         652      KMC             0.016626     1.145           485      0        1        1.662636e-10   
2026-06-12 09:49:30    7.57         653      ELASTIC         0.016700     1.151           486      0        0        1.670000e-10   
2026-06-12 09:49:30    7.59         654      ELASTIC         0.016800     1.158           486      0        0        1.680000e-10   
2026-06-12 09:49:30    7.60         655      KMC             0.016808     1.158           486      0        1        1.680847e-10   
2026-06-12 09:49:30    7.62         656      ELASTIC         0.016900     1.165           487      0        0        1.690000e-10   
2026-06-12 09:49:30    7.63         657      KMC             0.016916     1.165           487      0        1        1.691646e-10   
2026-06-12 09:49:30    7.63         658      KMC_INSTAB      0.016918     1.165           488      0        1        1.691835e-10   
2026-06-12 09:49:30    7.64         659      KMC_INSTAB      0.016920     1.165           489      0        1        1.692017e-10   
2026-06-12 09:49:30    7.64         660      KMC             0.016948     1.165           490      0        1        1.694828e-10   
2026-06-12 09:49:30    7.65         661      KMC             0.016975     1.165           491      0        1        1.697451e-10   
2026-06-12 09:49:30    7.66         662      KMC_INSTAB      0.016983     1.165           492      0        1        1.698271e-10   
2026-06-12 09:49:30    7.68         663      ELASTIC         0.017000     1.170           493      0        0        1.700000e-10   
2026-06-12 09:49:30    7.69         664      KMC_INSTAB      0.017004     1.170           493      0        1        1.700426e-10   
2026-06-12 09:49:30    7.71         665      ELASTIC         0.017100     1.178           494      0        0        1.710000e-10   
2026-06-12 09:49:30    7.74         666      ELASTIC         0.017200     1.185           494      0        0        1.720000e-10   
2026-06-12 09:49:30    7.74         667      KMC             0.017284     1.185           494      0        1        1.728376e-10   
2026-06-12 09:49:30    7.77         668      ELASTIC         0.017300     1.191           495      0        0        1.730000e-10   
2026-06-12 09:49:30    7.78         669      KMC_INSTAB      0.017307     1.191           495      0        1        1.730745e-10   
2026-06-12 09:49:30    7.78         670      KMC             0.017311     1.191           496      0        1        1.731098e-10   
2026-06-12 09:49:30    7.79         671      KMC_INSTAB      0.017313     1.191           497      0        1        1.731319e-10   
2026-06-12 09:49:30    7.79         672      KMC             0.017314     1.191           498      0        1        1.731449e-10   
2026-06-12 09:49:30    7.81         673      KMC_INSTAB      0.017323     1.192           499      0        1        1.732344e-10   
2026-06-12 09:49:30    7.81         674      KMC             0.017341     1.192           500      0        1        1.734103e-10   
2026-06-12 09:49:30    7.82         675      KMC_INSTAB      0.017344     1.192           501      0        1        1.734365e-10   
2026-06-12 09:49:30    7.83         676      KMC_INSTAB      0.017356     1.192           502      0        1        1.735604e-10   
2026-06-12 09:49:30    7.86         677      ELASTIC         0.017400     1.196           503      0        0        1.740000e-10   
2026-06-12 09:49:30    7.88         678      ELASTIC         0.017500     1.204           503      0        0        1.750000e-10   
2026-06-12 09:49:30    7.89         679      KMC             0.017555     1.204           503      0        1        1.755488e-10   
2026-06-12 09:49:30    7.91         680      ELASTIC         0.017600     1.210           504      0        0        1.760000e-10   
2026-06-12 09:49:30    7.94         681      ELASTIC         0.017700     1.217           504      0        0        1.770000e-10   
2026-06-12 09:49:30    7.95         682      KMC             0.017792     1.217           504      0        1        1.779185e-10   
2026-06-12 09:49:31    7.98         683      ELASTIC         0.017800     1.224           505      0        0        1.780000e-10   
2026-06-12 09:49:31    8.00         684      ELASTIC         0.017900     1.231           505      0        0        1.790000e-10   
2026-06-12 09:49:31    8.02         685      ELASTIC         0.018000     1.239           505      0        0        1.800000e-10   
2026-06-12 09:49:31    8.04         686      ELASTIC         0.018100     1.245           505      0        0        1.810000e-10   
2026-06-12 09:49:31    8.05         687      KMC             0.018141     1.245           505      0        1        1.814148e-10   
2026-06-12 09:49:31    8.07         688      ELASTIC         0.018200     1.252           506      0        0        1.820000e-10   
2026-06-12 09:49:31    8.08         689      KMC             0.018290     1.252           506      0        1        1.828994e-10   
2026-06-12 09:49:31    8.08         690      KMC_INSTAB      0.018294     1.252           507      0        1        1.829444e-10   
2026-06-12 09:49:31    8.09         691      KMC_INSTAB      0.018295     1.252           508      0        1        1.829464e-10   
2026-06-12 09:49:31    8.12         692      ELASTIC         0.018300     1.259           509      0        0        1.830000e-10   
2026-06-12 09:49:31    8.14         693      ELASTIC         0.018400     1.266           509      0        0        1.840000e-10   
2026-06-12 09:49:31    8.16         694      ELASTIC         0.018500     1.274           509      0        0        1.850000e-10   
2026-06-12 09:49:31    8.18         695      ELASTIC         0.018600     1.280           509      0        0        1.860000e-10   
2026-06-12 09:49:31    8.20         696      ELASTIC         0.018700     1.287           509      0        0        1.870000e-10   
2026-06-12 09:49:31    8.21         697      KMC             0.018735     1.287           509      0        1        1.873470e-10   
2026-06-12 09:49:31    8.24         698      ELASTIC         0.018800     1.294           510      0        0        1.880000e-10   
2026-06-12 09:49:31    8.24         699      KMC_INSTAB      0.018801     1.294           510      0        1        1.880075e-10   
2026-06-12 09:49:31    8.25         700      KMC             0.018848     1.294           511      0        1        1.884807e-10   
2026-06-12 09:49:31    8.28         701      ELASTIC         0.018900     1.300           512      0        0        1.890000e-10   
2026-06-12 09:49:31    8.29         702      KMC             0.018910     1.300           512      0        1        1.890991e-10   
2026-06-12 09:49:31    8.30         703      KMC             0.018940     1.300           513      0        1        1.894049e-10   
2026-06-12 09:49:31    8.30         704      KMC             0.018990     1.300           514      0        1        1.899012e-10   
2026-06-12 09:49:31    8.31         705      KMC_INSTAB      0.018994     1.300           515      0        1        1.899399e-10   
2026-06-12 09:49:31    8.34         706      ELASTIC         0.019000     1.305           516      0        0        1.900000e-10   
2026-06-12 09:49:31    8.34         707      KMC_INSTAB      0.019004     1.305           516      0        1        1.900423e-10   
2026-06-12 09:49:31    8.35         708      KMC             0.019010     1.305           517      0        1        1.900962e-10   
2026-06-12 09:49:31    8.35         709      KMC_INSTAB      0.019038     1.305           518      0        1        1.903790e-10   
2026-06-12 09:49:31    8.38         710      ELASTIC         0.019100     1.310           519      0        0        1.910000e-10   
2026-06-12 09:49:31    8.40         711      ELASTIC         0.019200     1.318           519      0        0        1.920000e-10   
2026-06-12 09:49:31    8.41         712      KMC             0.019243     1.318           519      0        1        1.924301e-10   
2026-06-12 09:49:31    8.41         713      KMC_INSTAB      0.019244     1.318           520      0        1        1.924351e-10   
2026-06-12 09:49:31    8.44         714      ELASTIC         0.019300     1.325           521      0        0        1.930000e-10   
2026-06-12 09:49:31    8.46         715      ELASTIC         0.019400     1.332           521      0        0        1.940000e-10   
2026-06-12 09:49:31    8.48         716      ELASTIC         0.019500     1.339           521      0        0        1.950000e-10   
2026-06-12 09:49:31    8.49         717      KMC             0.019567     1.339           521      0        1        1.956703e-10   
2026-06-12 09:49:31    8.52         718      ELASTIC         0.019600     1.346           522      0        0        1.960000e-10   
2026-06-12 09:49:31    8.52         719      KMC             0.019640     1.346           522      0        1        1.964016e-10   
2026-06-12 09:49:31    8.53         720      KMC_INSTAB      0.019643     1.346           523      0        1        1.964267e-10   
2026-06-12 09:49:31    8.55         721      ELASTIC         0.019700     1.353           524      0        0        1.970000e-10   
2026-06-12 09:49:31    8.56         722      KMC             0.019711     1.353           524      0        1        1.971069e-10   
2026-06-12 09:49:31    8.56         723      KMC_INSTAB      0.019712     1.353           525      0        1        1.971217e-10   
2026-06-12 09:49:31    8.57         724      KMC             0.019789     1.353           526      0        1        1.978904e-10   
2026-06-12 09:49:31    8.60         725      ELASTIC         0.019800     1.359           527      0        0        1.980000e-10   
2026-06-12 09:49:31    8.60         726      KMC             0.019812     1.359           527      0        1        1.981152e-10   
2026-06-12 09:49:31    8.61         727      KMC_INSTAB      0.019817     1.359           528      0        1        1.981671e-10   
2026-06-12 09:49:31    8.61         728      KMC_INSTAB      0.019845     1.359           529      0        1        1.984477e-10   
2026-06-12 09:49:31    8.62         729      KMC_INSTAB      0.019865     1.359           530      0        1        1.986484e-10   
2026-06-12 09:49:31    8.65         730      ELASTIC         0.019900     1.367           531      0        0        1.990000e-10   
2026-06-12 09:49:31    8.65         731      KMC             0.019935     1.367           531      0        1        1.993471e-10   
2026-06-12 09:49:31    8.66         732      KMC_INSTAB      0.019941     1.367           532      0        1        1.994105e-10   
2026-06-12 09:49:31    8.66         733      KMC_INSTAB      0.019941     1.367           533      0        1        1.994113e-10   
2026-06-12 09:49:31    8.67         734      KMC             0.019950     1.367           534      0        1        1.994955e-10   
2026-06-12 09:49:31    8.67         735      KMC_INSTAB      0.019956     1.367           535      0        1        1.995584e-10   
2026-06-12 09:49:31    8.70         736      ELASTIC         0.020000     1.373           536      0        0        2.000000e-10   
2026-06-12 09:49:32    9.06         737      ELASTIC         0.020100     1.380           536      0        0        2.010000e-10   
2026-06-12 09:49:32    9.10         738      ELASTIC         0.020200     1.387           536      0        0        2.020000e-10   
2026-06-12 09:49:32    9.14         739      ELASTIC         0.020300     1.394           536      0        0        2.030000e-10   
2026-06-12 09:49:32    9.18         740      ELASTIC         0.020400     1.401           536      0        0        2.040000e-10   
2026-06-12 09:49:32    9.23         741      ELASTIC         0.020500     1.409           536      0        0        2.050000e-10   
2026-06-12 09:49:32    9.27         742      ELASTIC         0.020600     1.415           536      0        0        2.060000e-10   
2026-06-12 09:49:32    9.28         743      KMC             0.020634     1.415           536      0        1        2.063444e-10   
2026-06-12 09:49:32    9.37         744      ELASTIC         0.020700     1.422           537      0        0        2.070000e-10   
2026-06-12 09:49:32    9.38         745      KMC             0.020763     1.422           537      0        1        2.076281e-10   
2026-06-12 09:49:32    9.39         746      KMC_INSTAB      0.020768     1.422           538      0        1        2.076801e-10   
2026-06-12 09:49:32    9.40         747      KMC_INSTAB      0.020769     1.422           539      0        1        2.076859e-10   
2026-06-12 09:49:32    9.41         748      KMC_INSTAB      0.020772     1.422           540      0        1        2.077218e-10   
2026-06-12 09:49:32    9.42         749      KMC_INSTAB      0.020775     1.422           541      0        1        2.077470e-10   
2026-06-12 09:49:32    9.43         750      KMC_INSTAB      0.020777     1.422           542      0        1        2.077694e-10   
2026-06-12 09:49:32    9.44         751      KMC_INSTAB      0.020779     1.422           543      0        1        2.077941e-10   
2026-06-12 09:49:32    9.45         752      KMC             0.020796     1.422           544      0        1        2.079557e-10   
2026-06-12 09:49:32    9.52         753      ELASTIC         0.020800     1.429           545      0        0        2.080000e-10   
2026-06-12 09:49:32    9.53         754      KMC_INSTAB      0.020835     1.429           545      0        1        2.083524e-10   
2026-06-12 09:49:32    9.54         755      KMC             0.020866     1.429           546      0        1        2.086611e-10   
2026-06-12 09:49:32    9.60         756      ELASTIC         0.020900     1.435           547      0        0        2.090000e-10   
2026-06-12 09:49:32    9.66         757      ELASTIC         0.021000     1.442           547      0        0        2.100000e-10   
2026-06-12 09:49:32    9.68         758      KMC             0.021013     1.442           547      0        1        2.101333e-10   
2026-06-12 09:49:32    9.70         759      KMC             0.021045     1.442           548      0        1        2.104532e-10   
2026-06-12 09:49:32    9.79         760      ELASTIC         0.021100     1.448           549      0        0        2.110000e-10   
2026-06-12 09:49:32    9.80         761      KMC             0.021104     1.448           549      0        1        2.110397e-10   
2026-06-12 09:49:32    9.87         762      ELASTIC         0.021200     1.454           550      0        0        2.120000e-10   
2026-06-12 09:49:32    9.91         763      ELASTIC         0.021300     1.461           550      0        0        2.130000e-10   
2026-06-12 09:49:32    9.94         764      ELASTIC         0.021400     1.469           550      0        0        2.140000e-10   
2026-06-12 09:49:33    9.99         765      ELASTIC         0.021500     1.476           550      0        0        2.150000e-10   
2026-06-12 09:49:33    10.05        766      ELASTIC         0.021600     1.483           550      0        0        2.160000e-10   
2026-06-12 09:49:33    10.08        767      ELASTIC         0.021700     1.490           550      0        0        2.170000e-10   
2026-06-12 09:49:33    10.13        768      ELASTIC         0.021800     1.497           550      0        0        2.180000e-10   
2026-06-12 09:49:33    10.14        769      KMC             0.021821     1.497           550      0        1        2.182140e-10   
2026-06-12 09:49:33    10.20        770      ELASTIC         0.021900     1.503           551      0        0        2.190000e-10   
2026-06-12 09:49:33    10.26        771      ELASTIC         0.022000     1.511           551      0        0        2.200000e-10   
2026-06-12 09:49:33    10.27        772      KMC             0.022006     1.511           551      0        1        2.200616e-10   
2026-06-12 09:49:33    10.28        773      KMC             0.022023     1.511           552      0        1        2.202333e-10   
2026-06-12 09:49:33    10.34        774      ELASTIC         0.022100     1.517           553      0        0        2.210000e-10   
2026-06-12 09:49:33    10.39        775      ELASTIC         0.022200     1.524           553      0        0        2.220000e-10   
2026-06-12 09:49:33    10.41        776      KMC             0.022225     1.524           553      0        1        2.222482e-10   
2026-06-12 09:49:33    10.42        777      KMC_INSTAB      0.022232     1.524           554      0        1        2.223244e-10   
2026-06-12 09:49:33    10.43        778      KMC             0.022233     1.524           555      0        1        2.223331e-10   
2026-06-12 09:49:33    10.44        779      KMC_INSTAB      0.022244     1.524           556      0        1        2.224422e-10   
2026-06-12 09:49:33    10.46        780      KMC             0.022252     1.524           557      0        1        2.225153e-10   
2026-06-12 09:49:33    10.47        781      KMC_INSTAB      0.022266     1.524           558      0        1        2.226564e-10   
2026-06-12 09:49:33    10.53        782      ELASTIC         0.022300     1.530           559      0        0        2.230000e-10   
2026-06-12 09:49:33    10.54        783      KMC             0.022315     1.530           559      0        1        2.231466e-10   
2026-06-12 09:49:33    10.56        784      KMC             0.022334     1.530           560      0        1        2.233424e-10   
2026-06-12 09:49:33    10.62        785      ELASTIC         0.022400     1.537           561      0        0        2.240000e-10   
2026-06-12 09:49:33    10.63        786      KMC             0.022424     1.537           561      0        1        2.242434e-10   
2026-06-12 09:49:33    10.69        787      ELASTIC         0.022500     1.544           562      0        0        2.250000e-10   
2026-06-12 09:49:33    10.71        788      KMC             0.022505     1.544           562      0        1        2.250478e-10   
2026-06-12 09:49:33    10.72        789      KMC             0.022587     1.544           563      0        1        2.258655e-10   
2026-06-12 09:49:33    10.79        790      ELASTIC         0.022600     1.550           564      0        0        2.260000e-10   
2026-06-12 09:49:33    10.84        791      ELASTIC         0.022700     1.557           564      0        0        2.270000e-10   
2026-06-12 09:49:33    10.85        792      KMC             0.022733     1.557           564      0        1        2.273265e-10   
2026-06-12 09:49:33    10.91        793      ELASTIC         0.022800     1.564           565      0        0        2.280000e-10   
2026-06-12 09:49:33    10.93        794      KMC             0.022848     1.564           565      0        1        2.284789e-10   
2026-06-12 09:49:34    10.98        795      ELASTIC         0.022900     1.570           566      0        0        2.290000e-10   
2026-06-12 09:49:34    11.01        796      KMC             0.022917     1.570           566      0        1        2.291697e-10   
2026-06-12 09:49:34    11.03        797      KMC             0.022958     1.570           567      0        1        2.295786e-10   
2026-06-12 09:49:34    11.04        798      KMC_INSTAB      0.022960     1.570           568      0        1        2.295980e-10   
2026-06-12 09:49:34    11.09        799      ELASTIC         0.023000     1.577           569      0        0        2.300000e-10   
2026-06-12 09:49:34    11.10        800      KMC             0.023012     1.577           569      0        1        2.301205e-10   
2026-06-12 09:49:34    11.12        801      KMC             0.023093     1.577           570      0        1        2.309267e-10   
2026-06-12 09:49:34    11.13        802      KMC_INSTAB      0.023095     1.577           571      0        1        2.309527e-10   
2026-06-12 09:49:34    11.20        803      ELASTIC         0.023100     1.582           572      0        0        2.310000e-10   
2026-06-12 09:49:34    11.21        804      KMC_INSTAB      0.023109     1.582           572      0        1        2.310896e-10   
2026-06-12 09:49:34    11.22        805      KMC_INSTAB      0.023117     1.582           573      0        1        2.311660e-10   
2026-06-12 09:49:34    11.23        806      KMC_INSTAB      0.023121     1.582           574      0        1        2.312098e-10   
2026-06-12 09:49:34    11.31        807      ELASTIC         0.023200     1.589           575      0        0        2.320000e-10   
2026-06-12 09:49:34    11.38        808      ELASTIC         0.023300     1.596           575      0        0        2.330000e-10   
2026-06-12 09:49:34    11.39        809      KMC             0.023395     1.596           575      0        1        2.339467e-10   
2026-06-12 09:49:34    11.46        810      ELASTIC         0.023400     1.603           576      0        0        2.340000e-10   
2026-06-12 09:49:34    11.48        811      KMC             0.023485     1.603           576      0        1        2.348517e-10   
2026-06-12 09:49:34    11.49        812      KMC_INSTAB      0.023485     1.603           577      0        1        2.348524e-10   
2026-06-12 09:49:34    11.54        813      ELASTIC         0.023500     1.610           578      0        0        2.350000e-10   
2026-06-12 09:49:34    11.55        814      KMC             0.023532     1.610           578      0        1        2.353178e-10   
2026-06-12 09:49:34    11.62        815      ELASTIC         0.023600     1.616           579      0        0        2.360000e-10   
2026-06-12 09:49:34    11.64        816      KMC             0.023606     1.616           579      0        1        2.360610e-10   
2026-06-12 09:49:34    11.65        817      KMC_INSTAB      0.023607     1.616           580      0        1        2.360748e-10   
2026-06-12 09:49:34    11.66        818      KMC_INSTAB      0.023624     1.616           581      0        1        2.362385e-10   
2026-06-12 09:49:34    11.73        819      ELASTIC         0.023700     1.622           582      0        0        2.370000e-10   
2026-06-12 09:49:34    11.74        820      KMC             0.023703     1.622           582      0        1        2.370285e-10   
2026-06-12 09:49:34    11.75        821      KMC_INSTAB      0.023705     1.622           583      0        1        2.370494e-10   
2026-06-12 09:49:34    11.76        822      KMC_INSTAB      0.023708     1.622           584      0        1        2.370764e-10   
2026-06-12 09:49:34    11.77        823      KMC_INSTAB      0.023712     1.622           585      0        1        2.371205e-10   
2026-06-12 09:49:34    11.79        824      KMC_INSTAB      0.023713     1.622           586      0        1        2.371341e-10   
2026-06-12 09:49:34    11.80        825      KMC_INSTAB      0.023723     1.622           587      0        1        2.372300e-10   
2026-06-12 09:49:34    11.81        826      KMC             0.023746     1.622           588      0        1        2.374568e-10   
2026-06-12 09:49:34    11.86        827      ELASTIC         0.023800     1.628           589      0        0        2.380000e-10   
2026-06-12 09:49:34    11.87        828      KMC             0.023812     1.628           589      0        1        2.381183e-10   
2026-06-12 09:49:34    11.89        829      KMC             0.023850     1.628           590      0        1        2.385033e-10   
2026-06-12 09:49:35    11.99        830      ELASTIC         0.023900     1.635           591      0        0        2.390000e-10   
2026-06-12 09:49:35    12.04        831      ELASTIC         0.024000     1.642           591      0        0        2.400000e-10   
2026-06-12 09:49:35    12.05        832      KMC             0.024067     1.642           591      0        1        2.406665e-10   
2026-06-12 09:49:35    12.11        833      ELASTIC         0.024100     1.649           592      0        0        2.410000e-10   
2026-06-12 09:49:35    12.16        834      ELASTIC         0.024200     1.656           592      0        0        2.420000e-10   
2026-06-12 09:49:35    12.17        835      KMC             0.024205     1.656           592      0        1        2.420506e-10   
2026-06-12 09:49:35    12.18        836      KMC             0.024254     1.656           593      0        1        2.425436e-10   
2026-06-12 09:49:35    12.24        837      ELASTIC         0.024300     1.662           594      0        0        2.430000e-10   
2026-06-12 09:49:35    12.26        838      KMC             0.024324     1.662           594      0        1        2.432371e-10   
2026-06-12 09:49:35    12.28        839      KMC             0.024340     1.662           595      0        1        2.434046e-10   
2026-06-12 09:49:35    12.29        840      KMC             0.024382     1.662           596      0        1        2.438153e-10   
2026-06-12 09:49:35    12.34        841      ELASTIC         0.024400     1.668           597      0        0        2.440000e-10   
2026-06-12 09:49:35    12.40        842      ELASTIC         0.024500     1.675           597      0        0        2.450000e-10   
2026-06-12 09:49:35    12.41        843      KMC             0.024527     1.675           597      0        1        2.452705e-10   
2026-06-12 09:49:35    12.46        844      ELASTIC         0.024600     1.681           598      0        0        2.460000e-10   
2026-06-12 09:49:35    12.47        845      KMC             0.024636     1.681           598      0        1        2.463628e-10   
2026-06-12 09:49:35    12.54        846      ELASTIC         0.024700     1.688           599      0        0        2.470000e-10   
2026-06-12 09:49:35    12.57        847      KMC_INSTAB      0.024734     1.690           599      0        1        2.473371e-10   
2026-06-12 09:49:35    12.58        848      KMC_INSTAB      0.024734     1.690           600      0        1        2.473393e-10   
2026-06-12 09:49:35    12.63        849      ELASTIC         0.024800     1.694           601      0        0        2.480000e-10   
2026-06-12 09:49:35    12.68        850      ELASTIC         0.024900     1.701           601      0        0        2.490000e-10   
2026-06-12 09:49:35    12.72        851      ELASTIC         0.025000     1.709           601      0        0        2.500000e-10   
2026-06-12 09:49:35    12.78        852      ELASTIC         0.025100     1.716           601      0        0        2.510000e-10   
2026-06-12 09:49:35    12.79        853      KMC             0.025100     1.716           601      0        1        2.510013e-10   
2026-06-12 09:49:35    12.80        854      KMC             0.025109     1.716           602      0        1        2.510930e-10   
2026-06-12 09:49:35    12.82        855      KMC             0.025122     1.716           603      0        1        2.512225e-10   
2026-06-12 09:49:35    12.88        856      ELASTIC         0.025200     1.721           604      0        0        2.520000e-10   
2026-06-12 09:49:35    12.89        857      KMC_INSTAB      0.025212     1.721           604      0        1        2.521170e-10   
2026-06-12 09:49:35    12.91        858      KMC_INSTAB      0.025221     1.721           605      0        1        2.522057e-10   
2026-06-12 09:49:36    12.99        859      ELASTIC         0.025300     1.728           606      0        0        2.530000e-10   
2026-06-12 09:49:36    13.00        860      KMC             0.025313     1.728           606      0        1        2.531264e-10   
2026-06-12 09:49:36    13.01        861      KMC_INSTAB      0.025314     1.728           607      0        1        2.531350e-10   
2026-06-12 09:49:36    13.02        862      KMC             0.025331     1.728           608      0        1        2.533131e-10   
2026-06-12 09:49:36    13.03        863      KMC_INSTAB      0.025335     1.728           609      0        1        2.533525e-10   
2026-06-12 09:49:36    13.04        864      KMC_INSTAB      0.025337     1.728           610      0        1        2.533712e-10   
2026-06-12 09:49:36    13.10        865      ELASTIC         0.025400     1.733           611      0        0        2.540000e-10   
2026-06-12 09:49:36    13.11        866      KMC             0.025434     1.733           611      0        1        2.543354e-10   
2026-06-12 09:49:36    13.12        867      KMC             0.025436     1.733           612      0        1        2.543572e-10   
2026-06-12 09:49:36    13.13        868      KMC             0.025440     1.733           613      0        1        2.544048e-10   
2026-06-12 09:49:36    13.14        869      KMC_INSTAB      0.025441     1.733           614      0        1        2.544079e-10   
2026-06-12 09:49:36    13.15        870      KMC_INSTAB      0.025443     1.733           615      0        1        2.544268e-10   
2026-06-12 09:49:36    13.16        871      KMC_INSTAB      0.025454     1.733           616      0        1        2.545447e-10   
2026-06-12 09:49:36    13.21        872      ELASTIC         0.025500     1.738           617      0        0        2.550000e-10   
2026-06-12 09:49:36    13.22        873      KMC_INSTAB      0.025514     1.738           617      0        1        2.551412e-10   
2026-06-12 09:49:36    13.29        874      ELASTIC         0.025600     1.745           618      0        0        2.560000e-10   
2026-06-12 09:49:36    13.30        875      KMC_INSTAB      0.025600     1.745           618      0        1        2.560027e-10   
2026-06-12 09:49:36    13.31        876      KMC_INSTAB      0.025601     1.745           619      0        1        2.560100e-10   
2026-06-12 09:49:36    13.32        877      KMC_INSTAB      0.025602     1.745           620      0        1        2.560189e-10   
2026-06-12 09:49:36    13.38        878      ELASTIC         0.025700     1.752           621      0        0        2.570000e-10   
2026-06-12 09:49:36    13.43        879      ELASTIC         0.025800     1.759           621      0        0        2.580000e-10   
2026-06-12 09:49:36    13.44        880      KMC             0.025809     1.759           621      0        1        2.580902e-10   
2026-06-12 09:49:36    13.45        881      KMC             0.025839     1.759           622      0        1        2.583905e-10   
2026-06-12 09:49:36    13.46        882      KMC             0.025865     1.759           623      0        1        2.586521e-10   
2026-06-12 09:49:36    13.47        883      KMC             0.025891     1.759           624      0        1        2.589069e-10   
2026-06-12 09:49:36    13.52        884      ELASTIC         0.025900     1.765           625      0        0        2.590000e-10   
2026-06-12 09:49:36    13.56        885      ELASTIC         0.026000     1.772           625      0        0        2.600000e-10   
2026-06-12 09:49:36    13.58        886      KMC             0.026043     1.772           625      0        1        2.604296e-10   
2026-06-12 09:49:36    13.59        887      KMC             0.026099     1.772           626      0        1        2.609912e-10   
2026-06-12 09:49:36    13.65        888      ELASTIC         0.026100     1.778           627      0        0        2.610000e-10   
2026-06-12 09:49:36    13.66        889      KMC_INSTAB      0.026102     1.778           627      0        1        2.610232e-10   
2026-06-12 09:49:36    13.68        890      KMC_INSTAB      0.026106     1.778           628      0        1        2.610558e-10   
2026-06-12 09:49:36    13.74        891      ELASTIC         0.026200     1.786           629      0        0        2.620000e-10   
2026-06-12 09:49:36    13.75        892      KMC             0.026289     1.786           629      0        1        2.628905e-10   
2026-06-12 09:49:36    13.82        893      ELASTIC         0.026300     1.792           630      0        0        2.630000e-10   
2026-06-12 09:49:36    13.88        894      ELASTIC         0.026400     1.799           630      0        0        2.640000e-10   
2026-06-12 09:49:36    13.89        895      KMC             0.026421     1.799           630      0        1        2.642056e-10   
2026-06-12 09:49:36    13.90        896      KMC_INSTAB      0.026421     1.799           631      0        1        2.642130e-10   
2026-06-12 09:49:36    13.92        897      KMC_INSTAB      0.026424     1.799           632      0        1        2.642394e-10   
2026-06-12 09:49:36    13.94        898      KMC_INSTAB      0.026440     1.799           633      0        1        2.644041e-10   
2026-06-12 09:49:36    13.96        899      KMC             0.026443     1.799           634      0        1        2.644310e-10   
2026-06-12 09:49:37    14.01        900      ELASTIC         0.026500     1.806           635      0        0        2.650000e-10   
2026-06-12 09:49:37    14.02        901      KMC             0.026524     1.806           635      0        1        2.652441e-10   
2026-06-12 09:49:37    14.04        902      KMC_INSTAB      0.026525     1.806           636      0        1        2.652508e-10   
2026-06-12 09:49:37    14.05        903      KMC             0.026532     1.806           637      0        1        2.653243e-10   
2026-06-12 09:49:37    14.10        904      ELASTIC         0.026600     1.812           638      0        0        2.660000e-10   
2026-06-12 09:49:37    14.11        905      KMC             0.026656     1.812           638      0        1        2.665600e-10   
2026-06-12 09:49:37    14.13        906      KMC_INSTAB      0.026668     1.812           639      0        1        2.666821e-10   
2026-06-12 09:49:37    14.19        907      ELASTIC         0.026700     1.819           640      0        0        2.670000e-10   
2026-06-12 09:49:37    14.28        908      ELASTIC         0.026800     1.826           640      0        0        2.680000e-10   
2026-06-12 09:49:37    14.30        909      KMC             0.026854     1.826           640      0        1        2.685402e-10   
2026-06-12 09:49:37    14.32        910      KMC_INSTAB      0.026856     1.826           641      0        1        2.685606e-10   
2026-06-12 09:49:37    14.33        911      KMC             0.026877     1.826           642      0        1        2.687715e-10   
2026-06-12 09:49:37    14.43        912      ELASTIC         0.026900     1.833           643      0        0        2.690000e-10   
2026-06-12 09:49:37    14.50        913      ELASTIC         0.027000     1.840           643      0        0        2.700000e-10   
2026-06-12 09:49:37    14.51        914      KMC             0.027030     1.840           643      0        1        2.702998e-10   
2026-06-12 09:49:37    14.53        915      KMC_INSTAB      0.027041     1.840           644      0        1        2.704086e-10   
2026-06-12 09:49:37    14.54        916      KMC_INSTAB      0.027044     1.840           645      0        1        2.704410e-10   
2026-06-12 09:49:37    14.57        917      KMC_INSTAB      0.027055     1.840           646      0        1        2.705493e-10   
2026-06-12 09:49:37    14.59        918      KMC_INSTAB      0.027065     1.840           647      0        1        2.706456e-10   
2026-06-12 09:49:37    14.67        919      ELASTIC         0.027100     1.845           648      0        0        2.710000e-10   
2026-06-12 09:49:37    14.73        920      ELASTIC         0.027200     1.852           648      0        0        2.720000e-10   
2026-06-12 09:49:37    14.77        921      ELASTIC         0.027300     1.860           648      0        0        2.730000e-10   
2026-06-12 09:49:37    14.79        922      KMC             0.027334     1.860           648      0        1        2.733438e-10   
2026-06-12 09:49:37    14.80        923      KMC             0.027351     1.860           649      0        1        2.735138e-10   
2026-06-12 09:49:37    14.81        924      KMC             0.027375     1.860           650      0        1        2.737545e-10   
2026-06-12 09:49:37    14.89        925      ELASTIC         0.027400     1.865           651      0        0        2.740000e-10   
2026-06-12 09:49:37    14.90        926      KMC             0.027416     1.865           651      0        1        2.741612e-10   
2026-06-12 09:49:37    14.96        927      ELASTIC         0.027500     1.871           652      0        0        2.750000e-10   
2026-06-12 09:49:38    14.97        928      KMC             0.027568     1.871           652      0        1        2.756822e-10   
2026-06-12 09:49:38    15.04        929      ELASTIC         0.027600     1.878           653      0        0        2.760000e-10   
2026-06-12 09:49:38    15.09        930      ELASTIC         0.027700     1.885           653      0        0        2.770000e-10   
2026-06-12 09:49:38    15.10        931      KMC             0.027734     1.885           653      0        1        2.773384e-10   
2026-06-12 09:49:38    15.17        932      ELASTIC         0.027800     1.891           654      0        0        2.780000e-10   
2026-06-12 09:49:38    15.18        933      KMC             0.027824     1.891           654      0        1        2.782410e-10   
2026-06-12 09:49:38    15.19        934      KMC_INSTAB      0.027830     1.891           655      0        1        2.783019e-10   
2026-06-12 09:49:38    15.21        935      KMC_INSTAB      0.027832     1.891           656      0        1        2.783202e-10   
2026-06-12 09:49:38    15.29        936      ELASTIC         0.027900     1.897           657      0        0        2.790000e-10   
2026-06-12 09:49:38    15.30        937      KMC             0.027956     1.897           657      0        1        2.795639e-10   
2026-06-12 09:49:38    15.31        938      KMC             0.027973     1.897           658      0        1        2.797333e-10   
2026-06-12 09:49:38    15.32        939      KMC             0.027977     1.897           659      0        1        2.797727e-10   
2026-06-12 09:49:38    15.33        940      KMC_INSTAB      0.027978     1.897           660      0        1        2.797806e-10   
2026-06-12 09:49:38    15.39        941      ELASTIC         0.028000     1.902           661      0        0        2.800000e-10   
2026-06-12 09:49:38    15.44        942      ELASTIC         0.028100     1.909           661      0        0        2.810000e-10   
2026-06-12 09:49:38    15.46        943      KMC             0.028126     1.909           661      0        1        2.812558e-10   
2026-06-12 09:49:38    15.48        944      KMC             0.028150     1.909           662      0        1        2.815024e-10   
2026-06-12 09:49:38    15.50        945      KMC             0.028160     1.909           663      0        1        2.815990e-10   
2026-06-12 09:49:38    15.52        946      KMC_INSTAB      0.028163     1.909           664      0        1        2.816328e-10   
2026-06-12 09:49:38    15.57        947      ELASTIC         0.028200     1.915           665      0        0        2.820000e-10   
2026-06-12 09:49:38    15.58        948      KMC_INSTAB      0.028213     1.915           665      0        1        2.821287e-10   
2026-06-12 09:49:38    15.60        949      KMC             0.028216     1.915           666      0        1        2.821616e-10   
2026-06-12 09:49:38    15.61        950      KMC_INSTAB      0.028229     1.915           667      0        1        2.822871e-10   
2026-06-12 09:49:38    15.66        951      ELASTIC         0.028300     1.922           668      0        0        2.830000e-10   
2026-06-12 09:49:38    15.67        952      KMC             0.028308     1.922           668      0        1        2.830776e-10   
2026-06-12 09:49:38    15.73        953      ELASTIC         0.028400     1.929           669      0        0        2.840000e-10   
2026-06-12 09:49:38    15.77        954      ELASTIC         0.028500     1.936           669      0        0        2.850000e-10   
2026-06-12 09:49:38    15.78        955      KMC             0.028566     1.936           669      0        1        2.856627e-10   
2026-06-12 09:49:38    15.79        956      KMC_INSTAB      0.028569     1.936           670      0        1        2.856896e-10   
2026-06-12 09:49:38    15.81        957      KMC_INSTAB      0.028590     1.936           671      0        1        2.859013e-10   
2026-06-12 09:49:38    15.92        958      ELASTIC         0.028600     1.942           672      0        0        2.860000e-10   
2026-06-12 09:49:39    15.98        959      ELASTIC         0.028700     1.949           672      0        0        2.870000e-10   
2026-06-12 09:49:39    16.00        960      KMC             0.028700     1.949           672      0        1        2.870015e-10   
2026-06-12 09:49:39    16.01        961      KMC_INSTAB      0.028704     1.949           673      0        1        2.870421e-10   
2026-06-12 09:49:39    16.02        962      KMC             0.028707     1.949           674      0        1        2.870658e-10   
2026-06-12 09:49:39    16.04        963      KMC             0.028707     1.949           675      0        1        2.870690e-10   
2026-06-12 09:49:39    16.05        964      KMC_INSTAB      0.028709     1.949           676      0        1        2.870896e-10   
2026-06-12 09:49:39    16.06        965      KMC_INSTAB      0.028714     1.949           677      0        1        2.871419e-10   
2026-06-12 09:49:39    16.07        966      KMC_INSTAB      0.028714     1.949           678      0        1        2.871420e-10   
2026-06-12 09:49:39    16.09        967      KMC_INSTAB      0.028719     1.949           679      0        1        2.871946e-10   
2026-06-12 09:49:39    16.10        968      KMC_INSTAB      0.028727     1.949           680      0        1        2.872735e-10   
2026-06-12 09:49:39    16.11        969      KMC_INSTAB      0.028728     1.949           681      0        1        2.872782e-10   
2026-06-12 09:49:39    16.12        970      KMC_INSTAB      0.028730     1.949           682      0        1        2.873008e-10   
2026-06-12 09:49:39    16.13        971      KMC_INSTAB      0.028741     1.949           683      0        1        2.874056e-10   
2026-06-12 09:49:39    16.14        972      KMC_INSTAB      0.028741     1.949           684      0        1        2.874113e-10   
2026-06-12 09:49:39    16.16        973      KMC             0.028757     1.949           685      0        1        2.875653e-10   
2026-06-12 09:49:39    16.20        974      ELASTIC         0.028800     1.954           686      0        0        2.880000e-10   
2026-06-12 09:49:39    16.22        975      KMC_INSTAB      0.028816     1.954           686      0        1        2.881642e-10   
2026-06-12 09:49:39    16.24        976      KMC             0.028892     1.954           687      0        1        2.889170e-10   
2026-06-12 09:49:39    16.25        977      KMC             0.028896     1.954           688      0        1        2.889647e-10   
2026-06-12 09:49:39    16.28        978      ELASTIC         0.028900     1.960           689      0        0        2.890000e-10   
2026-06-12 09:49:39    16.29        979      KMC_INSTAB      0.028913     1.960           689      0        1        2.891280e-10   
2026-06-12 09:49:39    16.29        980      KMC             0.028952     1.960           690      0        1        2.895172e-10   
2026-06-12 09:49:39    16.32        981      ELASTIC         0.029000     1.967           691      0        0        2.900000e-10   
2026-06-12 09:49:39    16.38        982      ELASTIC         0.029100     1.974           691      0        0        2.910000e-10   
2026-06-12 09:49:39    16.39        983      KMC             0.029108     1.974           691      0        1        2.910814e-10   
2026-06-12 09:49:39    16.48        984      ELASTIC         0.029200     1.981           692      0        0        2.920000e-10   
2026-06-12 09:49:39    16.49        985      KMC             0.029210     1.981           692      0        1        2.921010e-10   
2026-06-12 09:49:39    16.54        986      ELASTIC         0.029300     1.987           693      0        0        2.930000e-10   
2026-06-12 09:49:39    16.55        987      KMC_INSTAB      0.029300     1.987           693      0        1        2.930006e-10   
2026-06-12 09:49:39    16.56        988      KMC             0.029380     1.987           694      0        1        2.938023e-10   
2026-06-12 09:49:39    16.61        989      ELASTIC         0.029400     1.994           695      0        0        2.940000e-10   
2026-06-12 09:49:39    16.62        990      KMC             0.029401     1.994           695      0        1        2.940130e-10   
2026-06-12 09:49:39    16.64        991      KMC_INSTAB      0.029404     1.994           696      0        1        2.940446e-10   
2026-06-12 09:49:39    16.65        992      KMC_INSTAB      0.029405     1.994           697      0        1        2.940484e-10   
2026-06-12 09:49:39    16.67        993      KMC_INSTAB      0.029407     1.994           698      0        1        2.940678e-10   
2026-06-12 09:49:39    16.71        994      KMC             0.029430     1.996           699      0        1        2.942998e-10   
2026-06-12 09:49:39    16.73        995      KMC_INSTAB      0.029438     1.996           700      0        1        2.943810e-10   
2026-06-12 09:49:39    16.74        996      KMC_INSTAB      0.029446     1.996           701      0        1        2.944608e-10   
2026-06-12 09:49:39    16.75        997      KMC             0.029469     1.996           702      0        1        2.946879e-10   
2026-06-12 09:49:39    16.77        998      KMC_INSTAB      0.029471     1.996           703      0        1        2.947127e-10   
2026-06-12 09:49:39    16.78        999      KMC             0.029474     1.996           704      0        1        2.947428e-10   
2026-06-12 09:49:39    16.84        1000     ELASTIC         0.029500     1.999           705      0        0        2.950000e-10   
2026-06-12 09:49:39    16.90        1001     ELASTIC         0.029600     2.006           705      0        0        2.960000e-10   
2026-06-12 09:49:39    16.92        1002     KMC             0.029696     2.006           705      0        1        2.969556e-10   
2026-06-12 09:49:40    16.97        1003     ELASTIC         0.029700     2.012           706      0        0        2.970000e-10   
2026-06-12 09:49:40    16.99        1004     KMC_INSTAB      0.029701     2.012           706      0        1        2.970143e-10   
2026-06-12 09:49:40    17.00        1005     KMC_INSTAB      0.029705     2.012           707      0        1        2.970462e-10   
2026-06-12 09:49:40    17.01        1006     KMC_INSTAB      0.029713     2.012           708      0        1        2.971260e-10   
2026-06-12 09:49:40    17.02        1007     KMC             0.029768     2.012           709      0        1        2.976836e-10   
2026-06-12 09:49:40    17.03        1008     KMC             0.029772     2.012           710      0        1        2.977161e-10   
2026-06-12 09:49:40    17.10        1009     ELASTIC         0.029800     2.018           711      0        0        2.980000e-10   
2026-06-12 09:49:40    17.11        1010     KMC             0.029899     2.018           711      0        1        2.989912e-10   
2026-06-12 09:49:40    17.20        1011     ELASTIC         0.029900     2.024           712      0        0        2.990000e-10   
2026-06-12 09:49:40    17.21        1012     KMC_INSTAB      0.029901     2.024           712      0        1        2.990140e-10   
2026-06-12 09:49:40    17.22        1013     KMC_INSTAB      0.029904     2.024           713      0        1        2.990418e-10   
2026-06-12 09:49:40    17.24        1014     KMC_INSTAB      0.029912     2.024           714      0        1        2.991204e-10   
2026-06-12 09:49:40    17.25        1015     KMC             0.029921     2.024           715      0        1        2.992089e-10   
2026-06-12 09:49:40    17.27        1016     KMC             0.029942     2.024           716      0        1        2.994203e-10   
2026-06-12 09:49:40    17.33        1017     ELASTIC         0.030000     2.031           717      0        0        3.000000e-10   
2026-06-12 09:49:41    18.17        1018     KMC             0.030052     2.031           717      0        1        3.005239e-10   
2026-06-12 09:49:41    18.22        1019     ELASTIC         0.030100     2.038           718      0        0        3.010000e-10   
2026-06-12 09:49:41    18.23        1020     KMC             0.030122     2.038           718      0        1        3.012186e-10   
2026-06-12 09:49:41    18.24        1021     KMC             0.030173     2.038           719      0        1        3.017319e-10   
2026-06-12 09:49:41    18.30        1022     ELASTIC         0.030200     2.044           720      0        0        3.020000e-10   
2026-06-12 09:49:41    18.31        1023     KMC_INSTAB      0.030217     2.044           720      0        1        3.021746e-10   
2026-06-12 09:49:41    18.36        1024     ELASTIC         0.030300     2.051           721      0        0        3.030000e-10   
2026-06-12 09:49:41    18.37        1025     KMC             0.030304     2.051           721      0        1        3.030393e-10   
2026-06-12 09:49:41    18.38        1026     KMC_INSTAB      0.030311     2.051           722      0        1        3.031117e-10   
2026-06-12 09:49:41    18.39        1027     KMC_INSTAB      0.030312     2.051           723      0        1        3.031200e-10   
2026-06-12 09:49:41    18.41        1028     KMC_INSTAB      0.030312     2.051           724      0        1        3.031221e-10   
2026-06-12 09:49:41    18.42        1029     KMC             0.030324     2.051           725      0        1        3.032390e-10   
2026-06-12 09:49:41    18.43        1030     KMC_INSTAB      0.030328     2.051           726      0        1        3.032762e-10   
2026-06-12 09:49:41    18.48        1031     ELASTIC         0.030400     2.056           727      0        0        3.040000e-10   
2026-06-12 09:49:41    18.49        1032     KMC_INSTAB      0.030403     2.056           727      0        1        3.040261e-10   
2026-06-12 09:49:41    18.55        1033     ELASTIC         0.030500     2.063           728      0        0        3.050000e-10   
2026-06-12 09:49:41    18.56        1034     KMC_INSTAB      0.030505     2.063           728      0        1        3.050478e-10   
2026-06-12 09:49:41    18.57        1035     KMC_INSTAB      0.030512     2.063           729      0        1        3.051205e-10   
2026-06-12 09:49:41    18.58        1036     KMC_INSTAB      0.030514     2.063           730      0        1        3.051438e-10   
2026-06-12 09:49:41    18.59        1037     KMC             0.030527     2.063           731      0        1        3.052741e-10   
2026-06-12 09:49:41    18.61        1038     KMC_INSTAB      0.030530     2.063           732      0        1        3.053038e-10   
2026-06-12 09:49:41    18.66        1039     ELASTIC         0.030600     2.068           733      0        0        3.060000e-10   
2026-06-12 09:49:41    18.67        1040     KMC             0.030610     2.068           733      0        1        3.060975e-10   
2026-06-12 09:49:41    18.68        1041     KMC_INSTAB      0.030612     2.068           734      0        1        3.061167e-10   
2026-06-12 09:49:41    18.74        1042     ELASTIC         0.030700     2.074           735      0        0        3.070000e-10   
2026-06-12 09:49:41    18.75        1043     KMC             0.030703     2.074           735      0        1        3.070260e-10   
2026-06-12 09:49:41    18.81        1044     ELASTIC         0.030800     2.081           736      0        0        3.080000e-10   
2026-06-12 09:49:41    18.82        1045     KMC             0.030836     2.081           736      0        1        3.083557e-10   
2026-06-12 09:49:41    18.83        1046     KMC             0.030878     2.081           737      0        1        3.087822e-10   
2026-06-12 09:49:41    18.85        1047     KMC             0.030895     2.081           738      0        1        3.089512e-10   
2026-06-12 09:49:41    18.92        1048     ELASTIC         0.030900     2.086           739      0        0        3.090000e-10   
2026-06-12 09:49:42    18.98        1049     ELASTIC         0.031000     2.093           739      0        0        3.100000e-10   
2026-06-12 09:49:42    19.01        1050     ELASTIC         0.031100     2.101           739      0        0        3.110000e-10   
2026-06-12 09:49:42    19.03        1051     KMC             0.031113     2.101           739      0        1        3.111253e-10   
2026-06-12 09:49:42    19.09        1052     ELASTIC         0.031200     2.107           740      0        0        3.120000e-10   
2026-06-12 09:49:42    19.10        1053     KMC             0.031206     2.107           740      0        1        3.120589e-10   
2026-06-12 09:49:42    19.11        1054     KMC_INSTAB      0.031210     2.107           741      0        1        3.120990e-10   
2026-06-12 09:49:42    19.13        1055     KMC             0.031228     2.107           742      0        1        3.122806e-10   
2026-06-12 09:49:42    19.14        1056     KMC             0.031252     2.107           743      0        1        3.125167e-10   
2026-06-12 09:49:42    19.15        1057     KMC_INSTAB      0.031253     2.107           744      0        1        3.125342e-10   
2026-06-12 09:49:42    19.16        1058     KMC_INSTAB      0.031256     2.107           745      0        1        3.125620e-10   
2026-06-12 09:49:42    19.17        1059     KMC_INSTAB      0.031270     2.107           746      0        1        3.126993e-10   
2026-06-12 09:49:42    19.23        1060     ELASTIC         0.031300     2.113           747      0        0        3.130000e-10   
2026-06-12 09:49:42    19.25        1061     KMC             0.031308     2.113           747      0        1        3.130785e-10   
2026-06-12 09:49:42    19.27        1062     KMC             0.031368     2.113           748      0        1        3.136786e-10   
2026-06-12 09:49:42    19.28        1063     KMC_INSTAB      0.031368     2.113           749      0        1        3.136795e-10   
2026-06-12 09:49:42    19.36        1064     ELASTIC         0.031400     2.119           750      0        0        3.140000e-10   
2026-06-12 09:49:42    19.37        1065     KMC_INSTAB      0.031429     2.119           750      0        1        3.142866e-10   
2026-06-12 09:49:42    19.38        1066     KMC             0.031437     2.119           751      0        1        3.143653e-10   
2026-06-12 09:49:42    19.44        1067     ELASTIC         0.031500     2.125           752      0        0        3.150000e-10   
2026-06-12 09:49:42    19.50        1068     ELASTIC         0.031600     2.132           752      0        0        3.160000e-10   
2026-06-12 09:49:42    19.53        1069     ELASTIC         0.031700     2.140           752      0        0        3.170000e-10   
2026-06-12 09:49:42    19.54        1070     KMC             0.031741     2.140           752      0        1        3.174074e-10   
2026-06-12 09:49:42    19.59        1071     ELASTIC         0.031800     2.146           753      0        0        3.180000e-10   
2026-06-12 09:49:42    19.60        1072     KMC             0.031834     2.146           753      0        1        3.183435e-10   
2026-06-12 09:49:42    19.61        1073     KMC             0.031840     2.146           754      0        1        3.183962e-10   
2026-06-12 09:49:42    19.61        1074     KMC             0.031891     2.146           755      0        1        3.189110e-10   
2026-06-12 09:49:42    19.72        1075     ELASTIC         0.031900     2.152           756      0        0        3.190000e-10   
2026-06-12 09:49:42    19.79        1076     ELASTIC         0.032000     2.159           756      0        0        3.200000e-10   
2026-06-12 09:49:42    19.81        1077     KMC             0.032033     2.159           756      0        1        3.203297e-10   
2026-06-12 09:49:42    19.88        1078     ELASTIC         0.032100     2.166           757      0        0        3.210000e-10   
2026-06-12 09:49:42    19.89        1079     KMC             0.032131     2.166           757      0        1        3.213074e-10   
2026-06-12 09:49:42    19.95        1080     ELASTIC         0.032200     2.173           758      0        0        3.220000e-10   
2026-06-12 09:49:43    20.02        1081     ELASTIC         0.032300     2.180           758      0        0        3.230000e-10   
2026-06-12 09:49:43    20.04        1082     KMC             0.032369     2.180           758      0        1        3.236863e-10   
2026-06-12 09:49:43    20.11        1083     ELASTIC         0.032400     2.187           759      0        0        3.240000e-10   
2026-06-12 09:49:43    20.15        1084     ELASTIC         0.032500     2.194           759      0        0        3.250000e-10   
2026-06-12 09:49:43    20.19        1085     ELASTIC         0.032600     2.201           759      0        0        3.260000e-10   
2026-06-12 09:49:43    20.21        1086     KMC             0.032607     2.201           759      0        1        3.260680e-10   
2026-06-12 09:49:43    20.26        1087     ELASTIC         0.032700     2.208           760      0        0        3.270000e-10   
2026-06-12 09:49:43    20.27        1088     KMC             0.032726     2.208           760      0        1        3.272560e-10   
2026-06-12 09:49:43    20.28        1089     KMC             0.032727     2.208           761      0        1        3.272667e-10   
2026-06-12 09:49:43    20.30        1090     KMC             0.032738     2.208           762      0        1        3.273792e-10   
2026-06-12 09:49:43    20.31        1091     KMC             0.032749     2.208           763      0        1        3.274850e-10   
2026-06-12 09:49:43    20.32        1092     KMC_INSTAB      0.032777     2.208           764      0        1        3.277696e-10   
2026-06-12 09:49:43    20.39        1093     ELASTIC         0.032800     2.212           765      0        0        3.280000e-10   
2026-06-12 09:49:43    20.40        1094     KMC             0.032833     2.212           765      0        1        3.283280e-10   
2026-06-12 09:49:43    20.48        1095     ELASTIC         0.032900     2.219           766      0        0        3.290000e-10   
2026-06-12 09:49:43    20.54        1096     ELASTIC         0.033000     2.226           766      0        0        3.300000e-10   
2026-06-12 09:49:43    20.55        1097     KMC             0.033016     2.226           766      0        1        3.301575e-10   
2026-06-12 09:49:43    20.56        1098     KMC             0.033027     2.226           767      0        1        3.302714e-10   
2026-06-12 09:49:43    20.57        1099     KMC_INSTAB      0.033028     2.226           768      0        1        3.302795e-10   
2026-06-12 09:49:43    20.64        1100     ELASTIC         0.033100     2.231           769      0        0        3.310000e-10   
2026-06-12 09:49:43    20.66        1101     KMC             0.033102     2.231           769      0        1        3.310180e-10   
2026-06-12 09:49:43    20.75        1102     ELASTIC         0.033200     2.238           770      0        0        3.320000e-10   
2026-06-12 09:49:43    20.81        1103     ELASTIC         0.033300     2.245           770      0        0        3.330000e-10   
2026-06-12 09:49:43    20.84        1104     ELASTIC         0.033400     2.252           770      0        0        3.340000e-10   
2026-06-12 09:49:43    20.91        1105     ELASTIC         0.033500     2.259           770      0        0        3.350000e-10   
2026-06-12 09:49:43    20.92        1106     KMC             0.033512     2.259           770      0        1        3.351231e-10   
2026-06-12 09:49:43    20.94        1107     KMC             0.033598     2.259           771      0        1        3.359763e-10   
2026-06-12 09:49:44    20.97        1108     KMC             0.033599     2.259           772      0        1        3.359910e-10   
2026-06-12 09:49:44    20.98        1109     KMC_INSTAB      0.033600     2.259           773      0        1        3.359998e-10   
2026-06-12 09:49:44    21.05        1110     ELASTIC         0.033600     2.264           774      0        0        3.360000e-10   
2026-06-12 09:49:44    21.09        1111     ELASTIC         0.033700     2.272           774      0        0        3.370000e-10   
2026-06-12 09:49:44    21.11        1112     KMC             0.033731     2.272           774      0        1        3.373095e-10   
2026-06-12 09:49:44    21.21        1113     ELASTIC         0.033800     2.278           775      0        0        3.380000e-10   
2026-06-12 09:49:44    21.23        1114     KMC             0.033811     2.278           775      0        1        3.381143e-10   
2026-06-12 09:49:44    21.25        1115     KMC             0.033878     2.278           776      0        1        3.387796e-10   
2026-06-12 09:49:44    21.27        1116     KMC_INSTAB      0.033882     2.278           777      0        1        3.388218e-10   
2026-06-12 09:49:44    21.37        1117     ELASTIC         0.033900     2.284           778      0        0        3.390000e-10   
2026-06-12 09:49:44    21.40        1118     KMC             0.033921     2.284           778      0        1        3.392133e-10   
2026-06-12 09:49:44    21.47        1119     ELASTIC         0.034000     2.291           779      0        0        3.400000e-10   
2026-06-12 09:49:44    21.48        1120     KMC             0.034058     2.291           779      0        1        3.405836e-10   
2026-06-12 09:49:44    21.57        1121     ELASTIC         0.034100     2.298           780      0        0        3.410000e-10   
2026-06-12 09:49:44    21.64        1122     ELASTIC         0.034200     2.305           780      0        0        3.420000e-10   
2026-06-12 09:49:44    21.64        1123     KMC             0.034206     2.305           780      0        1        3.420580e-10   
2026-06-12 09:49:44    21.65        1124     KMC             0.034246     2.305           781      0        1        3.424552e-10   
2026-06-12 09:49:44    21.66        1125     KMC             0.034282     2.305           782      0        1        3.428244e-10   
2026-06-12 09:49:44    21.75        1126     ELASTIC         0.034300     2.311           783      0        0        3.430000e-10   
2026-06-12 09:49:44    21.80        1127     ELASTIC         0.034400     2.318           783      0        0        3.440000e-10   
2026-06-12 09:49:44    21.82        1128     KMC             0.034401     2.318           783      0        1        3.440109e-10   
2026-06-12 09:49:44    21.84        1129     KMC             0.034402     2.318           784      0        1        3.440166e-10   
2026-06-12 09:49:44    21.85        1130     KMC_INSTAB      0.034406     2.318           785      0        1        3.440626e-10   
2026-06-12 09:49:44    21.86        1131     KMC_INSTAB      0.034408     2.318           786      0        1        3.440802e-10   
2026-06-12 09:49:44    21.87        1132     KMC_INSTAB      0.034411     2.318           787      0        1        3.441075e-10   
2026-06-12 09:49:44    21.88        1133     KMC_INSTAB      0.034411     2.318           788      0        1        3.441097e-10   
2026-06-12 09:49:44    21.90        1134     KMC_INSTAB      0.034412     2.318           789      0        1        3.441190e-10   
2026-06-12 09:49:44    21.91        1135     KMC_INSTAB      0.034412     2.318           790      0        1        3.441242e-10   
2026-06-12 09:49:44    21.92        1136     KMC_INSTAB      0.034416     2.318           791      0        1        3.441565e-10   
2026-06-12 09:49:44    21.94        1137     KMC_INSTAB      0.034436     2.318           792      0        1        3.443636e-10   
2026-06-12 09:49:45    21.97        1138     KMC             0.034449     2.318           793      0        1        3.444942e-10   
2026-06-12 09:49:45    21.98        1139     KMC             0.034456     2.318           794      0        1        3.445623e-10   
2026-06-12 09:49:45    22.00        1140     KMC_INSTAB      0.034458     2.318           795      0        1        3.445797e-10   
2026-06-12 09:49:45    22.07        1141     ELASTIC         0.034500     2.323           796      0        0        3.450000e-10   
2026-06-12 09:49:45    22.08        1142     KMC_INSTAB      0.034502     2.323           796      0        1        3.450187e-10   
2026-06-12 09:49:45    22.10        1143     KMC_INSTAB      0.034515     2.323           797      0        1        3.451537e-10   
2026-06-12 09:49:45    22.12        1144     KMC             0.034526     2.323           798      0        1        3.452618e-10   
2026-06-12 09:49:45    22.16        1145     KMC_INSTAB      0.034526     2.324           799      0        1        3.452623e-10   
2026-06-12 09:49:45    22.17        1146     KMC_INSTAB      0.034539     2.324           800      0        1        3.453866e-10   
2026-06-12 09:49:45    22.19        1147     KMC_INSTAB      0.034550     2.324           801      0        1        3.454988e-10   
2026-06-12 09:49:45    22.21        1148     KMC_INSTAB      0.034557     2.324           802      0        1        3.455696e-10   
2026-06-12 09:49:45    22.27        1149     ELASTIC         0.034600     2.329           803      0        0        3.460000e-10   
2026-06-12 09:49:45    22.28        1150     KMC             0.034670     2.329           803      0        1        3.467027e-10   
2026-06-12 09:49:45    22.34        1151     ELASTIC         0.034700     2.336           804      0        0        3.470000e-10   
2026-06-12 09:49:45    22.36        1152     KMC             0.034760     2.336           804      0        1        3.476049e-10   
2026-06-12 09:49:45    22.37        1153     KMC             0.034784     2.336           805      0        1        3.478410e-10   
2026-06-12 09:49:45    22.44        1154     ELASTIC         0.034800     2.342           806      0        0        3.480000e-10   
2026-06-12 09:49:45    22.45        1155     KMC             0.034828     2.342           806      0        1        3.482767e-10   
2026-06-12 09:49:45    22.54        1156     ELASTIC         0.034900     2.349           807      0        0        3.490000e-10   
2026-06-12 09:49:45    22.56        1157     KMC             0.034949     2.349           807      0        1        3.494852e-10   
2026-06-12 09:49:45    22.62        1158     ELASTIC         0.035000     2.356           808      0        0        3.500000e-10   
2026-06-12 09:49:45    22.67        1159     ELASTIC         0.035100     2.363           808      0        0        3.510000e-10   
2026-06-12 09:49:45    22.71        1160     ELASTIC         0.035200     2.370           808      0        0        3.520000e-10   
2026-06-12 09:49:45    22.78        1161     ELASTIC         0.035300     2.377           808      0        0        3.530000e-10   
2026-06-12 09:49:45    22.79        1162     KMC             0.035310     2.377           808      0        1        3.530980e-10   
2026-06-12 09:49:45    22.80        1163     KMC_INSTAB      0.035310     2.377           809      0        1        3.530997e-10   
2026-06-12 09:49:45    22.82        1164     KMC             0.035323     2.377           810      0        1        3.532250e-10   
2026-06-12 09:49:45    22.91        1165     ELASTIC         0.035400     2.384           811      0        0        3.540000e-10   
2026-06-12 09:49:45    22.92        1166     KMC             0.035426     2.384           811      0        1        3.542641e-10   
2026-06-12 09:49:46    22.99        1167     ELASTIC         0.035500     2.390           812      0        0        3.550000e-10   
2026-06-12 09:49:46    23.00        1168     KMC             0.035515     2.390           812      0        1        3.551533e-10   
2026-06-12 09:49:46    23.02        1169     KMC             0.035565     2.390           813      0        1        3.556465e-10   
2026-06-12 09:49:46    23.03        1170     KMC_INSTAB      0.035566     2.390           814      0        1        3.556551e-10   
2026-06-12 09:49:46    23.04        1171     KMC_INSTAB      0.035567     2.390           815      0        1        3.556748e-10   
2026-06-12 09:49:46    23.05        1172     KMC_INSTAB      0.035576     2.390           816      0        1        3.557554e-10   
2026-06-12 09:49:46    23.07        1173     KMC_INSTAB      0.035579     2.390           817      0        1        3.557908e-10   
2026-06-12 09:49:46    23.15        1174     ELASTIC         0.035600     2.397           818      0        0        3.560000e-10   
2026-06-12 09:49:46    23.16        1175     KMC             0.035654     2.397           818      0        1        3.565415e-10   
2026-06-12 09:49:46    23.18        1176     KMC             0.035667     2.397           819      0        1        3.566713e-10   
2026-06-12 09:49:46    23.19        1177     KMC_INSTAB      0.035679     2.397           820      0        1        3.567944e-10   
2026-06-12 09:49:46    23.20        1178     KMC             0.035699     2.397           821      0        1        3.569857e-10   
2026-06-12 09:49:46    23.26        1179     ELASTIC         0.035700     2.403           822      0        0        3.570000e-10   
2026-06-12 09:49:46    23.27        1180     KMC             0.035705     2.403           822      0        1        3.570501e-10   
2026-06-12 09:49:46    23.29        1181     KMC             0.035774     2.403           823      0        1        3.577354e-10   
2026-06-12 09:49:46    23.38        1182     ELASTIC         0.035800     2.409           824      0        0        3.580000e-10   
2026-06-12 09:49:46    23.39        1183     KMC             0.035813     2.409           824      0        1        3.581343e-10   
2026-06-12 09:49:46    23.41        1184     KMC_INSTAB      0.035814     2.409           825      0        1        3.581387e-10   
2026-06-12 09:49:46    23.47        1185     ELASTIC         0.035900     2.416           826      0        0        3.590000e-10   
2026-06-12 09:49:46    23.51        1186     ELASTIC         0.036000     2.423           826      0        0        3.600000e-10   
2026-06-12 09:49:46    23.53        1187     KMC             0.036021     2.423           826      0        1        3.602144e-10   
2026-06-12 09:49:46    23.55        1188     KMC             0.036026     2.423           827      0        1        3.602566e-10   
2026-06-12 09:49:46    23.56        1189     KMC_INSTAB      0.036028     2.423           828      0        1        3.602767e-10   
2026-06-12 09:49:46    23.61        1190     ELASTIC         0.036100     2.429           829      0        0        3.610000e-10   
2026-06-12 09:49:46    23.62        1191     KMC             0.036139     2.429           829      0        1        3.613856e-10   
2026-06-12 09:49:46    23.63        1192     KMC             0.036160     2.429           830      0        1        3.616008e-10   
2026-06-12 09:49:46    23.68        1193     ELASTIC         0.036200     2.435           831      0        0        3.620000e-10   
2026-06-12 09:49:46    23.71        1194     ELASTIC         0.036300     2.442           831      0        0        3.630000e-10   
2026-06-12 09:49:46    23.72        1195     KMC             0.036305     2.442           831      0        1        3.630480e-10   
2026-06-12 09:49:46    23.73        1196     KMC             0.036399     2.442           832      0        1        3.639876e-10   
2026-06-12 09:49:46    23.77        1197     ELASTIC         0.036400     2.449           833      0        0        3.640000e-10   
2026-06-12 09:49:46    23.84        1198     ELASTIC         0.036500     2.456           833      0        0        3.650000e-10   
2026-06-12 09:49:46    23.86        1199     KMC             0.036504     2.456           833      0        1        3.650370e-10   
2026-06-12 09:49:46    23.87        1200     KMC_INSTAB      0.036511     2.456           834      0        1        3.651147e-10   
2026-06-12 09:49:46    23.88        1201     KMC             0.036520     2.456           835      0        1        3.651967e-10   
2026-06-12 09:49:46    23.90        1202     KMC_INSTAB      0.036522     2.456           836      0        1        3.652187e-10   
2026-06-12 09:49:47    23.97        1203     ELASTIC         0.036600     2.462           837      0        0        3.660000e-10   
2026-06-12 09:49:47    24.03        1204     ELASTIC         0.036700     2.469           837      0        0        3.670000e-10   
2026-06-12 09:49:47    24.04        1205     KMC             0.036706     2.469           837      0        1        3.670579e-10   
2026-06-12 09:49:47    24.05        1206     KMC             0.036717     2.469           838      0        1        3.671736e-10   
2026-06-12 09:49:47    24.06        1207     KMC_INSTAB      0.036720     2.469           839      0        1        3.672008e-10   
2026-06-12 09:49:47    24.08        1208     KMC             0.036722     2.469           840      0        1        3.672191e-10   
2026-06-12 09:49:47    24.09        1209     KMC_INSTAB      0.036724     2.469           841      0        1        3.672419e-10   
2026-06-12 09:49:47    24.10        1210     KMC             0.036752     2.469           842      0        1        3.675235e-10   
2026-06-12 09:49:47    24.12        1211     KMC_INSTAB      0.036756     2.469           843      0        1        3.675569e-10   
2026-06-12 09:49:47    24.19        1212     ELASTIC         0.036800     2.474           844      0        0        3.680000e-10   
2026-06-12 09:49:47    24.20        1213     KMC_INSTAB      0.036812     2.474           844      0        1        3.681170e-10   
2026-06-12 09:49:47    24.22        1214     KMC             0.036844     2.474           845      0        1        3.684355e-10   
2026-06-12 09:49:47    24.23        1215     KMC             0.036848     2.474           846      0        1        3.684842e-10   
2026-06-12 09:49:47    24.24        1216     KMC_INSTAB      0.036851     2.474           847      0        1        3.685062e-10   
2026-06-12 09:49:47    24.26        1217     KMC             0.036852     2.474           848      0        1        3.685190e-10   
2026-06-12 09:49:47    24.27        1218     KMC_INSTAB      0.036854     2.474           849      0        1        3.685400e-10   
2026-06-12 09:49:47    24.28        1219     KMC_INSTAB      0.036854     2.474           850      0        1        3.685417e-10   
2026-06-12 09:49:47    24.30        1220     KMC_INSTAB      0.036855     2.474           851      0        1        3.685519e-10   
2026-06-12 09:49:47    24.31        1221     KMC_INSTAB      0.036858     2.474           852      0        1        3.685820e-10   
2026-06-12 09:49:47    24.32        1222     KMC_INSTAB      0.036861     2.474           853      0        1        3.686093e-10   
2026-06-12 09:49:47    24.34        1223     KMC_INSTAB      0.036863     2.474           854      0        1        3.686335e-10   
2026-06-12 09:49:47    24.42        1224     ELASTIC         0.036900     2.479           855      0        0        3.690000e-10   
2026-06-12 09:49:47    24.44        1225     KMC             0.036990     2.479           855      0        1        3.698991e-10   
2026-06-12 09:49:47    24.50        1226     ELASTIC         0.037000     2.486           856      0        0        3.700000e-10   
2026-06-12 09:49:47    24.51        1227     KMC             0.037001     2.486           856      0        1        3.700063e-10   
2026-06-12 09:49:47    24.52        1228     KMC             0.037002     2.486           857      0        1        3.700174e-10   
2026-06-12 09:49:47    24.55        1229     KMC_INSTAB      0.037011     2.486           858      0        1        3.701111e-10   
2026-06-12 09:49:47    24.57        1230     KMC             0.037022     2.486           859      0        1        3.702161e-10   
2026-06-12 09:49:47    24.58        1231     KMC_INSTAB      0.037030     2.486           860      0        1        3.703012e-10   
2026-06-12 09:49:47    24.59        1232     KMC             0.037085     2.486           861      0        1        3.708536e-10   
2026-06-12 09:49:47    24.67        1233     ELASTIC         0.037100     2.491           862      0        0        3.710000e-10   
2026-06-12 09:49:47    24.69        1234     KMC             0.037118     2.491           862      0        1        3.711815e-10   
2026-06-12 09:49:47    24.71        1235     KMC             0.037142     2.491           863      0        1        3.714231e-10   
2026-06-12 09:49:47    24.73        1236     KMC             0.037164     2.491           864      0        1        3.716448e-10   
2026-06-12 09:49:47    24.81        1237     ELASTIC         0.037200     2.497           865      0        0        3.720000e-10   
2026-06-12 09:49:47    24.82        1238     KMC             0.037227     2.497           865      0        1        3.722737e-10   
2026-06-12 09:49:47    24.83        1239     KMC_INSTAB      0.037230     2.497           866      0        1        3.722997e-10   
2026-06-12 09:49:47    24.85        1240     KMC_INSTAB      0.037233     2.497           867      0        1        3.723330e-10   
2026-06-12 09:49:47    24.87        1241     KMC_INSTAB      0.037249     2.497           868      0        1        3.724894e-10   
2026-06-12 09:49:47    24.89        1242     KMC_INSTAB      0.037253     2.497           869      0        1        3.725303e-10   
2026-06-12 09:49:47    24.95        1243     ELASTIC         0.037300     2.503           870      0        0        3.730000e-10   
2026-06-12 09:49:48    24.96        1244     KMC_INSTAB      0.037304     2.503           870      0        1        3.730354e-10   
2026-06-12 09:49:48    24.98        1245     KMC_INSTAB      0.037304     2.503           871      0        1        3.730376e-10   
2026-06-12 09:49:48    25.00        1246     KMC             0.037334     2.503           872      0        1        3.733390e-10   
2026-06-12 09:49:48    25.01        1247     KMC_INSTAB      0.037349     2.503           873      0        1        3.734883e-10   
2026-06-12 09:49:48    25.02        1248     KMC_INSTAB      0.037359     2.503           874      0        1        3.735925e-10   
2026-06-12 09:49:48    25.03        1249     KMC             0.037371     2.503           875      0        1        3.737056e-10   
2026-06-12 09:49:48    25.05        1250     KMC             0.037395     2.503           876      0        1        3.739520e-10   
2026-06-12 09:49:48    25.07        1251     KMC             0.037398     2.503           877      0        1        3.739839e-10   
2026-06-12 09:49:48    25.09        1252     KMC_INSTAB      0.037400     2.503           878      0        1        3.739992e-10   
2026-06-12 09:49:48    25.15        1253     ELASTIC         0.037400     2.509           879      0        0        3.740000e-10   
2026-06-12 09:49:48    25.17        1254     KMC_INSTAB      0.037414     2.509           879      0        1        3.741415e-10   
2026-06-12 09:49:48    25.19        1255     KMC             0.037473     2.509           880      0        1        3.747349e-10   
2026-06-12 09:49:48    25.20        1256     KMC             0.037491     2.509           881      0        1        3.749138e-10   
2026-06-12 09:49:48    25.22        1257     KMC             0.037497     2.509           882      0        1        3.749678e-10   
2026-06-12 09:49:48    25.27        1258     ELASTIC         0.037500     2.514           883      0        0        3.750000e-10   
2026-06-12 09:49:48    25.29        1259     KMC_INSTAB      0.037505     2.514           883      0        1        3.750510e-10   
2026-06-12 09:49:48    25.30        1260     KMC             0.037541     2.514           884      0        1        3.754067e-10   
2026-06-12 09:49:48    25.31        1261     KMC             0.037569     2.514           885      0        1        3.756885e-10   
2026-06-12 09:49:48    25.32        1262     KMC_INSTAB      0.037591     2.514           886      0        1        3.759080e-10   
2026-06-12 09:49:48    25.40        1263     ELASTIC         0.037600     2.520           887      0        0        3.760000e-10   
2026-06-12 09:49:48    25.42        1264     KMC_INSTAB      0.037601     2.520           887      0        1        3.760087e-10   
2026-06-12 09:49:48    25.43        1265     KMC_INSTAB      0.037602     2.520           888      0        1        3.760167e-10   
2026-06-12 09:49:48    25.45        1266     KMC_INSTAB      0.037605     2.520           889      0        1        3.760539e-10   
2026-06-12 09:49:48    25.46        1267     KMC_INSTAB      0.037609     2.520           890      0        1        3.760924e-10   
2026-06-12 09:49:48    25.47        1268     KMC_INSTAB      0.037612     2.520           891      0        1        3.761207e-10   
2026-06-12 09:49:48    25.49        1269     KMC_INSTAB      0.037616     2.520           892      0        1        3.761588e-10   
2026-06-12 09:49:48    25.50        1270     KMC             0.037621     2.520           893      0        1        3.762083e-10   
2026-06-12 09:49:48    25.56        1271     ELASTIC         0.037700     2.526           894      0        0        3.770000e-10   
2026-06-12 09:49:48    25.61        1272     ELASTIC         0.037800     2.533           894      0        0        3.780000e-10   
2026-06-12 09:49:48    25.63        1273     KMC             0.037841     2.533           894      0        1        3.784144e-10   
2026-06-12 09:49:48    25.71        1274     ELASTIC         0.037900     2.539           895      0        0        3.790000e-10   
2026-06-12 09:49:48    25.72        1275     KMC             0.037907     2.539           895      0        1        3.790670e-10   
2026-06-12 09:49:48    25.74        1276     KMC_INSTAB      0.037907     2.539           896      0        1        3.790673e-10   
2026-06-12 09:49:48    25.76        1277     KMC             0.037972     2.539           897      0        1        3.797153e-10   
2026-06-12 09:49:48    25.79        1278     KMC             0.037977     2.539           898      0        1        3.797663e-10   
2026-06-12 09:49:48    25.83        1279     KMC_INSTAB      0.037988     2.547           899      0        1        3.798802e-10   
2026-06-12 09:49:48    25.88        1280     ELASTIC         0.038000     2.546           900      0        0        3.800000e-10   
2026-06-12 09:49:48    25.95        1281     ELASTIC         0.038100     2.553           900      0        0        3.810000e-10   
2026-06-12 09:49:49    25.97        1282     KMC             0.038149     2.553           900      0        1        3.814947e-10   
2026-06-12 09:49:49    26.02        1283     ELASTIC         0.038200     2.559           901      0        0        3.820000e-10   
2026-06-12 09:49:49    26.05        1284     KMC             0.038212     2.559           901      0        1        3.821239e-10   
2026-06-12 09:49:49    26.11        1285     ELASTIC         0.038300     2.566           902      0        0        3.830000e-10   
2026-06-12 09:49:49    26.13        1286     KMC             0.038327     2.566           902      0        1        3.832668e-10   
2026-06-12 09:49:49    26.15        1287     KMC             0.038374     2.566           903      0        1        3.837429e-10   
2026-06-12 09:49:49    26.21        1288     ELASTIC         0.038400     2.572           904      0        0        3.840000e-10   
2026-06-12 09:49:49    26.23        1289     KMC             0.038417     2.572           904      0        1        3.841684e-10   
2026-06-12 09:49:49    26.24        1290     KMC             0.038454     2.572           905      0        1        3.845414e-10   
2026-06-12 09:49:49    26.26        1291     KMC_INSTAB      0.038455     2.572           906      0        1        3.845458e-10   
2026-06-12 09:49:49    26.27        1292     KMC             0.038486     2.572           907      0        1        3.848636e-10   
2026-06-12 09:49:49    26.29        1293     KMC             0.038498     2.572           908      0        1        3.849827e-10   
2026-06-12 09:49:49    26.37        1294     ELASTIC         0.038500     2.577           909      0        0        3.850000e-10   
2026-06-12 09:49:49    26.39        1295     KMC_INSTAB      0.038515     2.577           909      0        1        3.851468e-10   
2026-06-12 09:49:49    26.40        1296     KMC             0.038516     2.577           910      0        1        3.851566e-10   
2026-06-12 09:49:49    26.41        1297     KMC_INSTAB      0.038517     2.577           911      0        1        3.851668e-10   
2026-06-12 09:49:49    26.43        1298     KMC_INSTAB      0.038541     2.577           912      0        1        3.854053e-10   
2026-06-12 09:49:49    26.49        1299     ELASTIC         0.038600     2.583           913      0        0        3.860000e-10   
2026-06-12 09:49:49    26.56        1300     ELASTIC         0.038700     2.590           913      0        0        3.870000e-10   
2026-06-12 09:49:49    26.57        1301     KMC             0.038740     2.590           913      0        1        3.874003e-10   
2026-06-12 09:49:49    26.59        1302     KMC_INSTAB      0.038741     2.590           914      0        1        3.874083e-10   
2026-06-12 09:49:49    26.60        1303     KMC_INSTAB      0.038742     2.590           915      0        1        3.874162e-10   
2026-06-12 09:49:49    26.61        1304     KMC_INSTAB      0.038747     2.590           916      0        1        3.874747e-10   
2026-06-12 09:49:49    26.63        1305     KMC_INSTAB      0.038748     2.590           917      0        1        3.874799e-10   
2026-06-12 09:49:49    26.64        1306     KMC             0.038780     2.590           918      0        1        3.878004e-10   
2026-06-12 09:49:49    26.66        1307     KMC_INSTAB      0.038796     2.590           919      0        1        3.879578e-10   
2026-06-12 09:49:49    26.71        1308     ELASTIC         0.038800     2.595           920      0        0        3.880000e-10   
2026-06-12 09:49:49    26.71        1309     KMC             0.038805     2.595           920      0        1        3.880501e-10   
2026-06-12 09:49:49    26.72        1310     KMC             0.038810     2.595           921      0        1        3.880991e-10   
2026-06-12 09:49:49    26.73        1311     KMC             0.038812     2.595           922      0        1        3.881241e-10   
2026-06-12 09:49:49    26.73        1312     KMC_INSTAB      0.038817     2.595           923      0        1        3.881679e-10   
2026-06-12 09:49:49    26.74        1313     KMC             0.038818     2.595           924      0        1        3.881816e-10   
2026-06-12 09:49:49    26.74        1314     KMC             0.038847     2.595           925      0        1        3.884740e-10   
2026-06-12 09:49:49    26.75        1315     KMC             0.038875     2.595           926      0        1        3.887502e-10   
2026-06-12 09:49:49    26.78        1316     ELASTIC         0.038900     2.601           927      0        0        3.890000e-10   
2026-06-12 09:49:49    26.79        1317     KMC             0.038960     2.601           927      0        1        3.895996e-10   
2026-06-12 09:49:49    26.80        1318     KMC             0.038997     2.601           928      0        1        3.899734e-10   
2026-06-12 09:49:49    26.83        1319     ELASTIC         0.039000     2.607           929      0        0        3.900000e-10   
2026-06-12 09:49:49    26.83        1320     KMC             0.039057     2.607           929      0        1        3.905656e-10   
2026-06-12 09:49:49    26.84        1321     KMC_INSTAB      0.039069     2.607           930      0        1        3.906902e-10   
2026-06-12 09:49:49    26.84        1322     KMC             0.039072     2.607           931      0        1        3.907194e-10   
2026-06-12 09:49:49    26.87        1323     ELASTIC         0.039100     2.612           932      0        0        3.910000e-10   
2026-06-12 09:49:49    26.88        1324     KMC_INSTAB      0.039112     2.612           932      0        1        3.911232e-10   
2026-06-12 09:49:49    26.89        1325     KMC_INSTAB      0.039121     2.612           933      0        1        3.912062e-10   
2026-06-12 09:49:49    26.89        1326     KMC_INSTAB      0.039130     2.612           934      0        1        3.912989e-10   
2026-06-12 09:49:49    26.90        1327     KMC_INSTAB      0.039138     2.612           935      0        1        3.913784e-10   
2026-06-12 09:49:49    26.93        1328     ELASTIC         0.039200     2.618           936      0        0        3.920000e-10   
2026-06-12 09:49:49    26.94        1329     KMC_INSTAB      0.039211     2.618           936      0        1        3.921141e-10   
2026-06-12 09:49:49    26.94        1330     KMC_INSTAB      0.039213     2.618           937      0        1        3.921326e-10   
2026-06-12 09:49:49    26.95        1331     KMC             0.039256     2.618           938      0        1        3.925645e-10   
2026-06-12 09:49:49    26.96        1332     KMC_INSTAB      0.039270     2.618           939      0        1        3.926993e-10   
2026-06-12 09:49:50    26.97        1333     KMC_INSTAB      0.039270     2.618           940      0        1        3.927027e-10   
2026-06-12 09:49:50    26.97        1334     KMC_INSTAB      0.039292     2.618           941      0        1        3.929242e-10   
2026-06-12 09:49:50    27.00        1335     ELASTIC         0.039300     2.623           942      0        0        3.930000e-10   
2026-06-12 09:49:50    27.01        1336     KMC             0.039338     2.623           942      0        1        3.933799e-10   
2026-06-12 09:49:50    27.04        1337     ELASTIC         0.039400     2.629           943      0        0        3.940000e-10   
2026-06-12 09:49:50    27.05        1338     KMC_INSTAB      0.039405     2.629           943      0        1        3.940499e-10   
2026-06-12 09:49:50    27.05        1339     KMC_INSTAB      0.039409     2.629           944      0        1        3.940872e-10   
2026-06-12 09:49:50    27.06        1340     KMC             0.039428     2.629           945      0        1        3.942793e-10   
2026-06-12 09:49:50    27.06        1341     KMC_INSTAB      0.039436     2.629           946      0        1        3.943563e-10   
2026-06-12 09:49:50    27.07        1342     KMC             0.039439     2.629           947      0        1        3.943902e-10   
2026-06-12 09:49:50    27.10        1343     ELASTIC         0.039500     2.636           948      0        0        3.950000e-10   
2026-06-12 09:49:50    27.11        1344     KMC             0.039505     2.636           948      0        1        3.950509e-10   
2026-06-12 09:49:50    27.11        1345     KMC_INSTAB      0.039529     2.636           949      0        1        3.952855e-10   
2026-06-12 09:49:50    27.12        1346     KMC_INSTAB      0.039530     2.636           950      0        1        3.952962e-10   
2026-06-12 09:49:50    27.13        1347     KMC             0.039542     2.636           951      0        1        3.954177e-10   
2026-06-12 09:49:50    27.13        1348     KMC_INSTAB      0.039549     2.636           952      0        1        3.954913e-10   
2026-06-12 09:49:50    27.16        1349     ELASTIC         0.039600     2.641           953      0        0        3.960000e-10   
2026-06-12 09:49:50    27.17        1350     KMC_INSTAB      0.039602     2.641           953      0        1        3.960241e-10   
2026-06-12 09:49:50    27.17        1351     KMC             0.039663     2.641           954      0        1        3.966283e-10   
2026-06-12 09:49:50    27.18        1352     KMC             0.039692     2.641           955      0        1        3.969201e-10   
2026-06-12 09:49:50    27.21        1353     ELASTIC         0.039700     2.647           956      0        0        3.970000e-10   
2026-06-12 09:49:50    27.22        1354     KMC             0.039717     2.647           956      0        1        3.971716e-10   
2026-06-12 09:49:50    27.22        1355     KMC             0.039737     2.647           957      0        1        3.973687e-10   
2026-06-12 09:49:50    27.25        1356     ELASTIC         0.039800     2.653           958      0        0        3.980000e-10   
2026-06-12 09:49:50    27.26        1357     KMC             0.039818     2.653           958      0        1        3.981788e-10   
2026-06-12 09:49:50    27.27        1358     KMC             0.039824     2.653           959      0        1        3.982380e-10   
2026-06-12 09:49:50    27.30        1359     ELASTIC         0.039900     2.659           960      0        0        3.990000e-10   
2026-06-12 09:49:50    27.32        1360     ELASTIC         0.040000     2.667           960      0        0        4.000000e-10   
2026-06-12 09:49:50    27.67        1361     KMC             0.040005     2.667           960      0        1        4.000453e-10   
2026-06-12 09:49:50    27.67        1362     KMC             0.040015     2.667           961      0        1        4.001528e-10   
2026-06-12 09:49:50    27.68        1363     KMC_INSTAB      0.040022     2.667           962      0        1        4.002246e-10   
2026-06-12 09:49:50    27.69        1364     KMC_INSTAB      0.040027     2.667           963      0        1        4.002746e-10   
2026-06-12 09:49:50    27.69        1365     KMC             0.040058     2.667           964      0        1        4.005826e-10   
2026-06-12 09:49:50    27.70        1366     KMC             0.040083     2.667           965      0        1        4.008336e-10   
2026-06-12 09:49:50    27.71        1367     KMC_INSTAB      0.040087     2.667           966      0        1        4.008685e-10   
2026-06-12 09:49:50    27.71        1368     KMC_INSTAB      0.040092     2.667           967      0        1        4.009220e-10   
2026-06-12 09:49:50    27.72        1369     KMC_INSTAB      0.040095     2.667           968      0        1        4.009517e-10   
2026-06-12 09:49:50    27.75        1370     ELASTIC         0.040100     2.671           969      0        0        4.010000e-10   
2026-06-12 09:49:50    27.75        1371     KMC             0.040133     2.671           969      0        1        4.013274e-10   
2026-06-12 09:49:50    27.76        1372     KMC             0.040134     2.671           970      0        1        4.013428e-10   
2026-06-12 09:49:50    27.77        1373     KMC_INSTAB      0.040135     2.671           971      0        1        4.013456e-10   
2026-06-12 09:49:50    27.77        1374     KMC_INSTAB      0.040137     2.671           972      0        1        4.013732e-10   
2026-06-12 09:49:50    27.78        1375     KMC             0.040196     2.671           973      0        1        4.019612e-10   
2026-06-12 09:49:50    27.81        1376     ELASTIC         0.040200     2.679           974      0        0        4.020000e-10   
2026-06-12 09:49:50    27.81        1377     KMC             0.040219     2.679           974      0        1        4.021894e-10   
2026-06-12 09:49:50    27.85        1378     ELASTIC         0.040300     2.686           975      0        0        4.030000e-10   
2026-06-12 09:49:50    27.85        1379     KMC             0.040399     2.686           975      0        1        4.039922e-10   
2026-06-12 09:49:50    27.88        1380     ELASTIC         0.040400     2.692           976      0        0        4.040000e-10   
2026-06-12 09:49:50    27.89        1381     KMC_INSTAB      0.040403     2.692           976      0        1        4.040259e-10   
2026-06-12 09:49:50    27.89        1382     KMC             0.040405     2.692           977      0        1        4.040490e-10   
2026-06-12 09:49:50    27.90        1383     KMC_INSTAB      0.040421     2.692           978      0        1        4.042148e-10   
2026-06-12 09:49:50    27.93        1384     ELASTIC         0.040500     2.697           979      0        0        4.050000e-10   
2026-06-12 09:49:50    27.94        1385     KMC             0.040540     2.697           979      0        1        4.053985e-10   
2026-06-12 09:49:51    27.97        1386     ELASTIC         0.040600     2.704           980      0        0        4.060000e-10   
2026-06-12 09:49:51    27.99        1387     ELASTIC         0.040700     2.711           980      0        0        4.070000e-10   
2026-06-12 09:49:51    28.00        1388     KMC             0.040750     2.711           980      0        1        4.074959e-10   
2026-06-12 09:49:51    28.01        1389     KMC_INSTAB      0.040756     2.711           981      0        1        4.075600e-10   
2026-06-12 09:49:51    28.01        1390     KMC_INSTAB      0.040758     2.711           982      0        1        4.075777e-10   
2026-06-12 09:49:51    28.02        1391     KMC             0.040768     2.711           983      0        1        4.076827e-10   
2026-06-12 09:49:51    28.03        1392     KMC_INSTAB      0.040772     2.711           984      0        1        4.077209e-10   
2026-06-12 09:49:51    28.03        1393     KMC             0.040779     2.711           985      0        1        4.077907e-10   
2026-06-12 09:49:51    28.06        1394     ELASTIC         0.040800     2.716           986      0        0        4.080000e-10   
2026-06-12 09:49:51    28.07        1395     KMC_INSTAB      0.040805     2.716           986      0        1        4.080503e-10   
2026-06-12 09:49:51    28.08        1396     KMC_INSTAB      0.040811     2.716           987      0        1        4.081083e-10   
2026-06-12 09:49:51    28.08        1397     KMC             0.040811     2.716           988      0        1        4.081091e-10   
2026-06-12 09:49:51    28.09        1398     KMC             0.040830     2.716           989      0        1        4.082965e-10   
2026-06-12 09:49:51    28.10        1399     KMC_INSTAB      0.040840     2.716           990      0        1        4.084034e-10   
2026-06-12 09:49:51    28.10        1400     KMC_INSTAB      0.040845     2.716           991      0        1        4.084509e-10   
2026-06-12 09:49:51    28.11        1401     KMC_INSTAB      0.040852     2.716           992      0        1        4.085225e-10   
2026-06-12 09:49:51    28.12        1402     KMC             0.040854     2.716           993      0        1        4.085448e-10   
2026-06-12 09:49:51    28.12        1403     KMC_INSTAB      0.040869     2.716           994      0        1        4.086883e-10   
2026-06-12 09:49:51    28.13        1404     KMC_INSTAB      0.040872     2.716           995      0        1        4.087178e-10   
2026-06-12 09:49:51    28.14        1405     KMC_INSTAB      0.040882     2.716           996      0        1        4.088215e-10   
2026-06-12 09:49:51    28.17        1406     ELASTIC         0.040900     2.719           997      0        0        4.090000e-10   
2026-06-12 09:49:51    28.17        1407     KMC             0.040901     2.719           997      0        1        4.090100e-10   
2026-06-12 09:49:51    28.18        1408     KMC_INSTAB      0.040902     2.719           998      0        1        4.090226e-10   
2026-06-12 09:49:51    28.20        1409     KMC_INSTAB      0.040907     2.720           999      0        1        4.090688e-10   
2026-06-12 09:49:51    28.22        1410     ELASTIC         0.041000     2.727           1000     0        0        4.100000e-10   
2026-06-12 09:49:51    28.23        1411     KMC             0.041042     2.727           1000     0        1        4.104246e-10   
2026-06-12 09:49:51    28.23        1412     KMC             0.041061     2.727           1001     0        1        4.106057e-10   
2026-06-12 09:49:51    28.24        1413     KMC             0.041098     2.727           1002     0        1        4.109776e-10   
2026-06-12 09:49:51    28.27        1414     ELASTIC         0.041100     2.733           1003     0        0        4.110000e-10   
2026-06-12 09:49:51    28.27        1415     KMC_INSTAB      0.041104     2.733           1003     0        1        4.110423e-10   
2026-06-12 09:49:51    28.28        1416     KMC             0.041123     2.733           1004     0        1        4.112327e-10   
2026-06-12 09:49:51    28.29        1417     KMC             0.041128     2.733           1005     0        1        4.112776e-10   
2026-06-12 09:49:51    28.29        1418     KMC_INSTAB      0.041167     2.733           1006     0        1        4.116722e-10   
2026-06-12 09:49:51    28.30        1419     KMC_INSTAB      0.041168     2.733           1007     0        1        4.116806e-10   
2026-06-12 09:49:51    28.30        1420     KMC_INSTAB      0.041178     2.733           1008     0        1        4.117776e-10   
2026-06-12 09:49:51    28.31        1421     KMC_INSTAB      0.041179     2.733           1009     0        1        4.117884e-10   
2026-06-12 09:49:51    28.34        1422     ELASTIC         0.041200     2.739           1010     0        0        4.120000e-10   
2026-06-12 09:49:51    28.35        1423     KMC_INSTAB      0.041204     2.739           1010     0        1        4.120372e-10   
2026-06-12 09:49:51    28.36        1424     KMC             0.041271     2.739           1011     0        1        4.127137e-10   
2026-06-12 09:49:51    28.39        1425     ELASTIC         0.041300     2.745           1012     0        0        4.130000e-10   
2026-06-12 09:49:51    28.39        1426     KMC_INSTAB      0.041307     2.745           1012     0        1        4.130693e-10   
2026-06-12 09:49:51    28.40        1427     KMC_INSTAB      0.041324     2.745           1013     0        1        4.132419e-10   
2026-06-12 09:49:51    28.43        1428     ELASTIC         0.041400     2.751           1014     0        0        4.140000e-10   
2026-06-12 09:49:51    28.44        1429     KMC_INSTAB      0.041425     2.751           1014     0        1        4.142524e-10   
2026-06-12 09:49:51    28.47        1430     ELASTIC         0.041500     2.757           1015     0        0        4.150000e-10   
2026-06-12 09:49:51    28.48        1431     KMC             0.041520     2.757           1015     0        1        4.151961e-10   
2026-06-12 09:49:51    28.48        1432     KMC_INSTAB      0.041521     2.757           1016     0        1        4.152052e-10   
2026-06-12 09:49:51    28.49        1433     KMC             0.041521     2.757           1017     0        1        4.152140e-10   
2026-06-12 09:49:51    28.50        1434     KMC_INSTAB      0.041534     2.757           1018     0        1        4.153403e-10   
2026-06-12 09:49:51    28.50        1435     KMC_INSTAB      0.041537     2.757           1019     0        1        4.153653e-10   
2026-06-12 09:49:51    28.53        1436     ELASTIC         0.041600     2.763           1020     0        0        4.160000e-10   
2026-06-12 09:49:51    28.54        1437     KMC             0.041651     2.763           1020     0        1        4.165055e-10   
2026-06-12 09:49:51    28.55        1438     KMC             0.041657     2.763           1021     0        1        4.165671e-10   
2026-06-12 09:49:51    28.56        1439     KMC             0.041681     2.763           1022     0        1        4.168091e-10   
2026-06-12 09:49:51    28.59        1440     ELASTIC         0.041700     2.769           1023     0        0        4.170000e-10   
2026-06-12 09:49:51    28.59        1441     KMC             0.041738     2.769           1023     0        1        4.173800e-10   
2026-06-12 09:49:51    28.60        1442     KMC             0.041743     2.769           1024     0        1        4.174255e-10   
2026-06-12 09:49:51    28.60        1443     KMC_INSTAB      0.041744     2.769           1025     0        1        4.174441e-10   
2026-06-12 09:49:51    28.61        1444     KMC_INSTAB      0.041757     2.769           1026     0        1        4.175681e-10   
2026-06-12 09:49:51    28.62        1445     KMC_INSTAB      0.041758     2.769           1027     0        1        4.175836e-10   
2026-06-12 09:49:51    28.62        1446     KMC_INSTAB      0.041759     2.769           1028     0        1        4.175879e-10   
2026-06-12 09:49:51    28.63        1447     KMC             0.041784     2.769           1029     0        1        4.178366e-10   
2026-06-12 09:49:51    28.66        1448     ELASTIC         0.041800     2.774           1030     0        0        4.180000e-10   
2026-06-12 09:49:51    28.67        1449     KMC             0.041813     2.774           1030     0        1        4.181293e-10   
2026-06-12 09:49:51    28.68        1450     KMC_INSTAB      0.041818     2.774           1031     0        1        4.181783e-10   
2026-06-12 09:49:51    28.68        1451     KMC_INSTAB      0.041819     2.774           1032     0        1        4.181950e-10   
2026-06-12 09:49:51    28.69        1452     KMC_INSTAB      0.041823     2.774           1033     0        1        4.182272e-10   
2026-06-12 09:49:51    28.69        1453     KMC             0.041843     2.774           1034     0        1        4.184292e-10   
2026-06-12 09:49:51    28.70        1454     KMC             0.041845     2.774           1035     0        1        4.184455e-10   
2026-06-12 09:49:51    28.71        1455     KMC_INSTAB      0.041861     2.774           1036     0        1        4.186125e-10   
2026-06-12 09:49:51    28.71        1456     KMC_INSTAB      0.041865     2.774           1037     0        1        4.186517e-10   
2026-06-12 09:49:51    28.72        1457     KMC             0.041893     2.774           1038     0        1        4.189307e-10   
2026-06-12 09:49:51    28.73        1458     KMC_INSTAB      0.041894     2.774           1039     0        1        4.189365e-10   
2026-06-12 09:49:51    28.76        1459     ELASTIC         0.041900     2.776           1040     0        0        4.190000e-10   
2026-06-12 09:49:51    28.76        1460     KMC_INSTAB      0.041902     2.776           1040     0        1        4.190204e-10   
2026-06-12 09:49:51    28.77        1461     KMC_INSTAB      0.041904     2.776           1041     0        1        4.190370e-10   
2026-06-12 09:49:51    28.78        1462     KMC             0.041908     2.776           1042     0        1        4.190841e-10   
2026-06-12 09:49:51    28.78        1463     KMC_INSTAB      0.041909     2.776           1043     0        1        4.190930e-10   
2026-06-12 09:49:51    28.79        1464     KMC             0.041931     2.776           1044     0        1        4.193128e-10   
2026-06-12 09:49:51    28.79        1465     KMC_INSTAB      0.041942     2.776           1045     0        1        4.194154e-10   
2026-06-12 09:49:51    28.82        1466     ELASTIC         0.042000     2.782           1046     0        0        4.200000e-10   
2026-06-12 09:49:51    28.83        1467     KMC             0.042037     2.782           1046     0        1        4.203750e-10   
2026-06-12 09:49:51    28.84        1468     KMC_INSTAB      0.042044     2.782           1047     0        1        4.204393e-10   
2026-06-12 09:49:51    28.84        1469     KMC             0.042064     2.782           1048     0        1        4.206445e-10   
2026-06-12 09:49:51    28.85        1470     KMC_INSTAB      0.042067     2.782           1049     0        1        4.206708e-10   
2026-06-12 09:49:51    28.88        1471     ELASTIC         0.042100     2.788           1050     0        0        4.210000e-10   
2026-06-12 09:49:51    28.91        1472     ELASTIC         0.042200     2.795           1050     0        0        4.220000e-10   
2026-06-12 09:49:51    28.91        1473     KMC             0.042224     2.795           1050     0        1        4.222410e-10   
2026-06-12 09:49:51    28.92        1474     KMC             0.042276     2.795           1051     0        1        4.227636e-10   
2026-06-12 09:49:51    28.93        1475     KMC_INSTAB      0.042282     2.795           1052     0        1        4.228161e-10   
2026-06-12 09:49:51    28.93        1476     KMC_INSTAB      0.042289     2.795           1053     0        1        4.228880e-10   
2026-06-12 09:49:52    28.97        1477     ELASTIC         0.042300     2.800           1054     0        0        4.230000e-10   
2026-06-12 09:49:52    28.97        1478     KMC_INSTAB      0.042302     2.800           1054     0        1        4.230190e-10   
2026-06-12 09:49:52    28.98        1479     KMC_INSTAB      0.042306     2.800           1055     0        1        4.230552e-10   
2026-06-12 09:49:52    28.98        1480     KMC             0.042337     2.800           1056     0        1        4.233702e-10   
2026-06-12 09:49:52    28.99        1481     KMC_INSTAB      0.042344     2.800           1057     0        1        4.234368e-10   
2026-06-12 09:49:52    29.02        1482     ELASTIC         0.042400     2.804           1058     0        0        4.240000e-10   
2026-06-12 09:49:52    29.03        1483     KMC             0.042494     2.804           1058     0        1        4.249374e-10   
2026-06-12 09:49:52    29.06        1484     ELASTIC         0.042500     2.811           1059     0        0        4.250000e-10   
2026-06-12 09:49:52    29.07        1485     KMC_INSTAB      0.042534     2.811           1059     0        1        4.253408e-10   
2026-06-12 09:49:52    29.09        1486     ELASTIC         0.042600     2.819           1060     0        0        4.260000e-10   
2026-06-12 09:49:52    29.10        1487     KMC             0.042688     2.819           1060     0        1        4.268754e-10   
2026-06-12 09:49:52    29.10        1488     KMC             0.042693     2.819           1061     0        1        4.269255e-10   
2026-06-12 09:49:52    29.11        1489     KMC             0.042697     2.819           1062     0        1        4.269715e-10   
2026-06-12 09:49:52    29.14        1490     ELASTIC         0.042700     2.824           1063     0        0        4.270000e-10   
2026-06-12 09:49:52    29.15        1491     KMC             0.042710     2.824           1063     0        1        4.270963e-10   
2026-06-12 09:49:52    29.15        1492     KMC_INSTAB      0.042719     2.824           1064     0        1        4.271948e-10   
2026-06-12 09:49:52    29.16        1493     KMC             0.042753     2.824           1065     0        1        4.275290e-10   
2026-06-12 09:49:52    29.19        1494     ELASTIC         0.042800     2.830           1066     0        0        4.280000e-10   
2026-06-12 09:49:52    29.22        1495     ELASTIC         0.042900     2.837           1066     0        0        4.290000e-10   
2026-06-12 09:49:52    29.22        1496     KMC             0.042902     2.837           1066     0        1        4.290153e-10   
2026-06-12 09:49:52    29.23        1497     KMC_INSTAB      0.042909     2.837           1067     0        1        4.290875e-10   
2026-06-12 09:49:52    29.24        1498     KMC_INSTAB      0.042919     2.837           1068     0        1        4.291896e-10   
2026-06-12 09:49:52    29.27        1499     ELASTIC         0.043000     2.843           1069     0        0        4.300000e-10   
2026-06-12 09:49:52    29.27        1500     KMC_INSTAB      0.043007     2.843           1069     0        1        4.300742e-10   
2026-06-12 09:49:52    29.30        1501     ELASTIC         0.043100     2.849           1070     0        0        4.310000e-10   
2026-06-12 09:49:52    29.31        1502     KMC             0.043103     2.849           1070     0        1        4.310266e-10   
2026-06-12 09:49:52    29.32        1503     KMC             0.043129     2.849           1071     0        1        4.312851e-10   
2026-06-12 09:49:52    29.35        1504     ELASTIC         0.043200     2.855           1072     0        0        4.320000e-10   
2026-06-12 09:49:52    29.35        1505     KMC             0.043200     2.855           1072     0        1        4.320043e-10   
2026-06-12 09:49:52    29.36        1506     KMC_INSTAB      0.043206     2.855           1073     0        1        4.320648e-10   
2026-06-12 09:49:52    29.36        1507     KMC_INSTAB      0.043214     2.855           1074     0        1        4.321373e-10   
2026-06-12 09:49:52    29.37        1508     KMC_INSTAB      0.043219     2.855           1075     0        1        4.321857e-10   
2026-06-12 09:49:52    29.38        1509     KMC_INSTAB      0.043229     2.855           1076     0        1        4.322925e-10   
2026-06-12 09:49:52    29.41        1510     ELASTIC         0.043300     2.862           1077     0        0        4.330000e-10   
2026-06-12 09:49:52    29.41        1511     KMC_INSTAB      0.043300     2.862           1077     0        1        4.330032e-10   
2026-06-12 09:49:52    29.42        1512     KMC             0.043328     2.862           1078     0        1        4.332750e-10   
2026-06-12 09:49:52    29.45        1513     ELASTIC         0.043400     2.868           1079     0        0        4.340000e-10   
2026-06-12 09:49:52    29.45        1514     KMC             0.043471     2.868           1079     0        1        4.347058e-10   
2026-06-12 09:49:52    29.46        1515     KMC_INSTAB      0.043479     2.868           1080     0        1        4.347916e-10   
2026-06-12 09:49:52    29.47        1516     KMC             0.043489     2.868           1081     0        1        4.348877e-10   
2026-06-12 09:49:52    29.47        1517     KMC             0.043496     2.868           1082     0        1        4.349588e-10   
2026-06-12 09:49:52    29.50        1518     ELASTIC         0.043500     2.873           1083     0        0        4.350000e-10   
2026-06-12 09:49:52    29.51        1519     KMC             0.043502     2.873           1083     0        1        4.350199e-10   
2026-06-12 09:49:52    29.52        1520     KMC             0.043535     2.873           1084     0        1        4.353450e-10   
2026-06-12 09:49:52    29.52        1521     KMC             0.043542     2.873           1085     0        1        4.354191e-10   
2026-06-12 09:49:52    29.55        1522     ELASTIC         0.043600     2.879           1086     0        0        4.360000e-10   
2026-06-12 09:49:52    29.56        1523     KMC_INSTAB      0.043604     2.879           1086     0        1        4.360419e-10   
2026-06-12 09:49:52    29.57        1524     KMC             0.043622     2.879           1087     0        1        4.362211e-10   
2026-06-12 09:49:52    29.57        1525     KMC_INSTAB      0.043639     2.879           1088     0        1        4.363899e-10   
2026-06-12 09:49:52    29.60        1526     ELASTIC         0.043700     2.885           1089     0        0        4.370000e-10   
2026-06-12 09:49:52    29.61        1527     KMC             0.043710     2.885           1089     0        1        4.370980e-10   
2026-06-12 09:49:52    29.62        1528     KMC_INSTAB      0.043760     2.885           1090     0        1        4.376005e-10   
2026-06-12 09:49:52    29.65        1529     ELASTIC         0.043800     2.892           1091     0        0        4.380000e-10   
2026-06-12 09:49:52    29.66        1530     ELASTIC         0.043900     2.899           1091     0        0        4.390000e-10   
2026-06-12 09:49:52    29.67        1531     KMC             0.043901     2.899           1091     0        1        4.390133e-10   
2026-06-12 09:49:52    29.70        1532     ELASTIC         0.044000     2.905           1092     0        0        4.400000e-10   
2026-06-12 09:49:52    29.71        1533     KMC_INSTAB      0.044000     2.905           1092     0        1        4.400017e-10   
2026-06-12 09:49:52    29.72        1534     KMC             0.044058     2.905           1093     0        1        4.405827e-10   
2026-06-12 09:49:52    29.72        1535     KMC             0.044088     2.905           1094     0        1        4.408811e-10   
2026-06-12 09:49:52    29.73        1536     KMC_INSTAB      0.044088     2.905           1095     0        1        4.408848e-10   
2026-06-12 09:49:52    29.73        1537     KMC_INSTAB      0.044090     2.905           1096     0        1        4.409021e-10   
2026-06-12 09:49:52    29.74        1538     KMC_INSTAB      0.044096     2.905           1097     0        1        4.409623e-10   
2026-06-12 09:49:52    29.77        1539     ELASTIC         0.044100     2.911           1098     0        0        4.410000e-10   
2026-06-12 09:49:52    29.78        1540     KMC             0.044102     2.911           1098     0        1        4.410216e-10   
2026-06-12 09:49:52    29.79        1541     KMC_INSTAB      0.044104     2.911           1099     0        1        4.410387e-10   
2026-06-12 09:49:52    29.80        1542     KMC_INSTAB      0.044105     2.911           1100     0        1        4.410462e-10   
2026-06-12 09:49:52    29.81        1543     KMC_INSTAB      0.044106     2.911           1101     0        1        4.410623e-10   
2026-06-12 09:49:52    29.81        1544     KMC             0.044124     2.911           1102     0        1        4.412410e-10   
2026-06-12 09:49:52    29.82        1545     KMC             0.044135     2.911           1103     0        1        4.413499e-10   
2026-06-12 09:49:52    29.83        1546     KMC             0.044156     2.911           1104     0        1        4.415594e-10   
2026-06-12 09:49:52    29.83        1547     KMC             0.044160     2.911           1105     0        1        4.416038e-10   
2026-06-12 09:49:52    29.86        1548     ELASTIC         0.044200     2.916           1106     0        0        4.420000e-10   
2026-06-12 09:49:52    29.87        1549     KMC             0.044200     2.916           1106     0        1        4.420034e-10   
2026-06-12 09:49:52    29.87        1550     KMC_INSTAB      0.044207     2.916           1107     0        1        4.420666e-10   
2026-06-12 09:49:52    29.90        1551     ELASTIC         0.044300     2.922           1108     0        0        4.430000e-10   
2026-06-12 09:49:52    29.93        1552     ELASTIC         0.044400     2.930           1108     0        0        4.440000e-10   
2026-06-12 09:49:52    29.93        1553     KMC             0.044401     2.930           1108     0        1        4.440149e-10   
2026-06-12 09:49:52    29.94        1554     KMC             0.044476     2.930           1109     0        1        4.447646e-10   
2026-06-12 09:49:53    29.97        1555     ELASTIC         0.044500     2.936           1110     0        0        4.450000e-10   
2026-06-12 09:49:53    29.98        1556     KMC             0.044510     2.936           1110     0        1        4.451017e-10   
2026-06-12 09:49:53    30.01        1557     ELASTIC         0.044600     2.942           1111     0        0        4.460000e-10   
2026-06-12 09:49:53    30.01        1558     KMC             0.044608     2.942           1111     0        1        4.460779e-10   
2026-06-12 09:49:53    30.02        1559     KMC             0.044629     2.942           1112     0        1        4.462934e-10   
2026-06-12 09:49:53    30.03        1560     KMC             0.044696     2.942           1113     0        1        4.469563e-10   
2026-06-12 09:49:53    30.06        1561     ELASTIC         0.044700     2.948           1114     0        0        4.470000e-10   
2026-06-12 09:49:53    30.08        1562     ELASTIC         0.044800     2.955           1114     0        0        4.480000e-10   
2026-06-12 09:49:53    30.09        1563     KMC             0.044804     2.955           1114     0        1        4.480428e-10   
2026-06-12 09:49:53    30.10        1564     KMC             0.044825     2.955           1115     0        1        4.482472e-10   
2026-06-12 09:49:53    30.11        1565     KMC             0.044834     2.955           1116     0        1        4.483412e-10   
2026-06-12 09:49:53    30.11        1566     KMC_INSTAB      0.044840     2.955           1117     0        1        4.483978e-10   
2026-06-12 09:49:53    30.12        1567     KMC             0.044840     2.955           1118     0        1        4.484026e-10   
2026-06-12 09:49:53    30.13        1568     KMC_INSTAB      0.044858     2.955           1119     0        1        4.485804e-10   
2026-06-12 09:49:53    30.16        1569     ELASTIC         0.044900     2.959           1120     0        0        4.490000e-10   
2026-06-12 09:49:53    30.16        1570     KMC_INSTAB      0.044903     2.959           1120     0        1        4.490346e-10   
2026-06-12 09:49:53    30.17        1571     KMC             0.044941     2.959           1121     0        1        4.494147e-10   
2026-06-12 09:49:53    30.20        1572     ELASTIC         0.045000     2.965           1122     0        0        4.500000e-10   
2026-06-12 09:49:53    30.21        1573     KMC_INSTAB      0.045014     2.965           1122     0        1        4.501380e-10   
2026-06-12 09:49:53    30.21        1574     KMC_INSTAB      0.045019     2.965           1123     0        1        4.501903e-10   
2026-06-12 09:49:53    30.22        1575     KMC             0.045029     2.965           1124     0        1        4.502876e-10   
2026-06-12 09:49:53    30.22        1576     KMC_INSTAB      0.045029     2.965           1125     0        1        4.502895e-10   
2026-06-12 09:49:53    30.23        1577     KMC_INSTAB      0.045032     2.965           1126     0        1        4.503160e-10   
2026-06-12 09:49:53    30.24        1578     KMC_INSTAB      0.045050     2.965           1127     0        1        4.504951e-10   
2026-06-12 09:49:53    30.24        1579     KMC_INSTAB      0.045055     2.965           1128     0        1        4.505453e-10   
2026-06-12 09:49:53    30.27        1580     ELASTIC         0.045100     2.971           1129     0        0        4.510000e-10   
2026-06-12 09:49:53    30.28        1581     KMC             0.045104     2.971           1129     0        1        4.510448e-10   
2026-06-12 09:49:53    30.29        1582     KMC             0.045151     2.971           1130     0        1        4.515122e-10   
2026-06-12 09:49:53    30.32        1583     ELASTIC         0.045200     2.978           1131     0        0        4.520000e-10   
2026-06-12 09:49:53    30.32        1584     KMC             0.045206     2.978           1131     0        1        4.520594e-10   
2026-06-12 09:49:53    30.33        1585     KMC_INSTAB      0.045233     2.978           1132     0        1        4.523313e-10   
2026-06-12 09:49:53    30.34        1586     KMC_INSTAB      0.045236     2.978           1133     0        1        4.523576e-10   
2026-06-12 09:49:53    30.37        1587     ELASTIC         0.045300     2.984           1134     0        0        4.530000e-10   
2026-06-12 09:49:53    30.37        1588     KMC             0.045317     2.984           1134     0        1        4.531740e-10   
2026-06-12 09:49:53    30.38        1589     KMC_INSTAB      0.045323     2.984           1135     0        1        4.532308e-10   
2026-06-12 09:49:53    30.39        1590     KMC_INSTAB      0.045326     2.984           1136     0        1        4.532642e-10   
2026-06-12 09:49:53    30.39        1591     KMC             0.045338     2.984           1137     0        1        4.533784e-10   
2026-06-12 09:49:53    30.40        1592     KMC             0.045340     2.984           1138     0        1        4.534033e-10   
2026-06-12 09:49:53    30.40        1593     KMC             0.045368     2.984           1139     0        1        4.536792e-10   
2026-06-12 09:49:53    30.43        1594     ELASTIC         0.045400     2.989           1140     0        0        4.540000e-10   
2026-06-12 09:49:53    30.44        1595     KMC_INSTAB      0.045417     2.989           1140     0        1        4.541745e-10   
2026-06-12 09:49:53    30.45        1596     KMC             0.045424     2.989           1141     0        1        4.542444e-10   
2026-06-12 09:49:53    30.45        1597     KMC_INSTAB      0.045424     2.989           1142     0        1        4.542444e-10   
2026-06-12 09:49:53    30.48        1598     ELASTIC         0.045500     2.995           1143     0        0        4.550000e-10   
2026-06-12 09:49:53    30.49        1599     KMC             0.045506     2.995           1143     0        1        4.550607e-10   
2026-06-12 09:49:53    30.49        1600     KMC_INSTAB      0.045507     2.995           1144     0        1        4.550687e-10   
2026-06-12 09:49:53    30.50        1601     KMC             0.045523     2.995           1145     0        1        4.552292e-10   
2026-06-12 09:49:53    30.51        1602     KMC             0.045600     2.995           1146     0        1        4.559963e-10   
2026-06-12 09:49:53    30.54        1603     ELASTIC         0.045600     3.000           1147     0        0        4.560000e-10   
2026-06-12 09:49:53    30.54        1604     KMC             0.045614     3.000           1147     0        1        4.561437e-10   
2026-06-12 09:49:53    30.55        1605     KMC             0.045665     3.000           1148     0        1        4.566452e-10   
2026-06-12 09:49:53    30.55        1606     KMC_INSTAB      0.045672     3.000           1149     0        1        4.567162e-10   
2026-06-12 09:49:53    30.56        1607     KMC             0.045676     3.000           1150     0        1        4.567558e-10   
2026-06-12 09:49:53    30.57        1608     KMC_INSTAB      0.045678     3.000           1151     0        1        4.567772e-10   
2026-06-12 09:49:53    30.60        1609     ELASTIC         0.045700     3.006           1152     0        0        4.570000e-10   
2026-06-12 09:49:53    30.60        1610     KMC_INSTAB      0.045702     3.006           1152     0        1        4.570217e-10   
2026-06-12 09:49:53    30.61        1611     KMC             0.045705     3.006           1153     0        1        4.570510e-10   
2026-06-12 09:49:53    30.61        1612     KMC             0.045793     3.006           1154     0        1        4.579281e-10   
2026-06-12 09:49:53    30.62        1613     KMC_INSTAB      0.045794     3.006           1155     0        1        4.579364e-10   
2026-06-12 09:49:53    30.63        1614     KMC_INSTAB      0.045794     3.006           1156     0        1        4.579443e-10   
2026-06-12 09:49:53    30.66        1615     ELASTIC         0.045800     3.011           1157     0        0        4.580000e-10   
2026-06-12 09:49:53    30.66        1616     KMC             0.045835     3.011           1157     0        1        4.583459e-10   
2026-06-12 09:49:53    30.69        1617     ELASTIC         0.045900     3.018           1158     0        0        4.590000e-10   
2026-06-12 09:49:53    30.70        1618     KMC             0.045902     3.018           1158     0        1        4.590243e-10   
2026-06-12 09:49:53    30.73        1619     ELASTIC         0.046000     3.025           1159     0        0        4.600000e-10   
2026-06-12 09:49:53    30.73        1620     KMC             0.046005     3.025           1159     0        1        4.600517e-10   
2026-06-12 09:49:53    30.74        1621     KMC             0.046040     3.025           1160     0        1        4.603954e-10   
2026-06-12 09:49:53    30.75        1622     KMC             0.046079     3.025           1161     0        1        4.607874e-10   
2026-06-12 09:49:53    30.75        1623     KMC_INSTAB      0.046100     3.025           1162     0        1        4.609973e-10   
2026-06-12 09:49:53    30.78        1624     ELASTIC         0.046100     3.029           1163     0        0        4.610000e-10   
2026-06-12 09:49:53    30.79        1625     KMC             0.046176     3.029           1163     0        1        4.617631e-10   
2026-06-12 09:49:53    30.82        1626     ELASTIC         0.046200     3.036           1164     0        0        4.620000e-10   
2026-06-12 09:49:53    30.82        1627     KMC_INSTAB      0.046200     3.036           1164     0        1        4.620002e-10   
2026-06-12 09:49:53    30.83        1628     KMC_INSTAB      0.046211     3.036           1165     0        1        4.621133e-10   
2026-06-12 09:49:53    30.84        1629     KMC_INSTAB      0.046213     3.036           1166     0        1        4.621300e-10   
2026-06-12 09:49:53    30.84        1630     KMC_INSTAB      0.046224     3.036           1167     0        1        4.622383e-10   
2026-06-12 09:49:53    30.85        1631     KMC             0.046235     3.036           1168     0        1        4.623549e-10   
2026-06-12 09:49:53    30.86        1632     KMC             0.046268     3.036           1169     0        1        4.626834e-10   
2026-06-12 09:49:53    30.89        1633     ELASTIC         0.046300     3.041           1170     0        0        4.630000e-10   
2026-06-12 09:49:53    30.89        1634     KMC             0.046315     3.041           1170     0        1        4.631484e-10   
2026-06-12 09:49:53    30.90        1635     KMC             0.046333     3.041           1171     0        1        4.633270e-10   
2026-06-12 09:49:53    30.90        1636     KMC_INSTAB      0.046337     3.041           1172     0        1        4.633661e-10   
2026-06-12 09:49:53    30.93        1637     ELASTIC         0.046400     3.047           1173     0        0        4.640000e-10   
2026-06-12 09:49:53    30.96        1638     ELASTIC         0.046500     3.054           1173     0        0        4.650000e-10   
2026-06-12 09:49:54    30.96        1639     KMC             0.046545     3.054           1173     0        1        4.654476e-10   
2026-06-12 09:49:54    30.99        1640     ELASTIC         0.046600     3.060           1174     0        0        4.660000e-10   
2026-06-12 09:49:54    31.00        1641     KMC             0.046620     3.060           1174     0        1        4.661950e-10   
2026-06-12 09:49:54    31.01        1642     KMC             0.046664     3.060           1175     0        1        4.666422e-10   
2026-06-12 09:49:54    31.01        1643     KMC             0.046688     3.060           1176     0        1        4.668799e-10   
2026-06-12 09:49:54    31.04        1644     ELASTIC         0.046700     3.067           1177     0        0        4.670000e-10   
2026-06-12 09:49:54    31.05        1645     KMC_INSTAB      0.046727     3.067           1177     0        1        4.672747e-10   
2026-06-12 09:49:54    31.05        1646     KMC             0.046759     3.067           1178     0        1        4.675868e-10   
2026-06-12 09:49:54    31.06        1647     KMC             0.046764     3.067           1179     0        1        4.676389e-10   
2026-06-12 09:49:54    31.07        1648     KMC_INSTAB      0.046766     3.067           1180     0        1        4.676614e-10   
2026-06-12 09:49:54    31.10        1649     ELASTIC         0.046800     3.072           1181     0        0        4.680000e-10   
2026-06-12 09:49:54    31.10        1650     KMC             0.046804     3.072           1181     0        1        4.680404e-10   
2026-06-12 09:49:54    31.13        1651     ELASTIC         0.046900     3.079           1182     0        0        4.690000e-10   
2026-06-12 09:49:54    31.14        1652     KMC             0.046968     3.079           1182     0        1        4.696837e-10   
2026-06-12 09:49:54    31.15        1653     KMC             0.046984     3.079           1183     0        1        4.698402e-10   
2026-06-12 09:49:54    31.15        1654     KMC             0.046988     3.079           1184     0        1        4.698826e-10   
2026-06-12 09:49:54    31.18        1655     ELASTIC         0.047000     3.085           1185     0        0        4.700000e-10   
2026-06-12 09:49:54    31.19        1656     KMC             0.047084     3.085           1185     0        1        4.708439e-10   
2026-06-12 09:49:54    31.20        1657     KMC_INSTAB      0.047086     3.085           1186     0        1        4.708603e-10   
2026-06-12 09:49:54    31.20        1658     KMC_INSTAB      0.047087     3.085           1187     0        1        4.708722e-10   
2026-06-12 09:49:54    31.21        1659     KMC             0.047089     3.085           1188     0        1        4.708876e-10   
2026-06-12 09:49:54    31.24        1660     ELASTIC         0.047100     3.091           1189     0        0        4.710000e-10   
2026-06-12 09:49:54    31.24        1661     KMC_INSTAB      0.047102     3.091           1189     0        1        4.710210e-10   
2026-06-12 09:49:54    31.25        1662     KMC_INSTAB      0.047125     3.091           1190     0        1        4.712543e-10   
2026-06-12 09:49:54    31.27        1663     ELASTIC         0.047200     3.099           1191     0        0        4.720000e-10   
2026-06-12 09:49:54    31.28        1664     KMC_INSTAB      0.047216     3.099           1191     0        1        4.721608e-10   
2026-06-12 09:49:54    31.29        1665     KMC_INSTAB      0.047229     3.099           1192     0        1        4.722882e-10   
2026-06-12 09:49:54    31.29        1666     KMC             0.047279     3.099           1193     0        1        4.727936e-10   
2026-06-12 09:49:54    31.32        1667     ELASTIC         0.047300     3.104           1194     0        0        4.730000e-10   
2026-06-12 09:49:54    31.33        1668     KMC_INSTAB      0.047303     3.104           1194     0        1        4.730281e-10   
2026-06-12 09:49:54    31.33        1669     KMC             0.047335     3.104           1195     0        1        4.733514e-10   
2026-06-12 09:49:54    31.34        1670     KMC             0.047352     3.104           1196     0        1        4.735165e-10   
2026-06-12 09:49:54    31.35        1671     KMC_INSTAB      0.047356     3.104           1197     0        1        4.735626e-10   
2026-06-12 09:49:54    31.35        1672     KMC_INSTAB      0.047357     3.104           1198     0        1        4.735703e-10   
2026-06-12 09:49:54    31.37        1673     KMC_INSTAB      0.047375     3.109           1199     0        1        4.737530e-10   
2026-06-12 09:49:54    31.38        1674     KMC_INSTAB      0.047375     3.109           1200     0        1        4.737541e-10   
2026-06-12 09:49:54    31.38        1675     KMC_INSTAB      0.047388     3.109           1201     0        1        4.738788e-10   
2026-06-12 09:49:54    31.41        1676     ELASTIC         0.047400     3.108           1202     0        0        4.740000e-10   
2026-06-12 09:49:54    31.42        1677     KMC_INSTAB      0.047411     3.108           1202     0        1        4.741064e-10   
2026-06-12 09:49:54    31.45        1678     ELASTIC         0.047500     3.116           1203     0        0        4.750000e-10   
2026-06-12 09:49:54    31.46        1679     KMC             0.047513     3.116           1203     0        1        4.751260e-10   
2026-06-12 09:49:54    31.46        1680     KMC             0.047535     3.116           1204     0        1        4.753511e-10   
2026-06-12 09:49:54    31.49        1681     ELASTIC         0.047600     3.122           1205     0        0        4.760000e-10   
2026-06-12 09:49:54    31.50        1682     KMC             0.047602     3.122           1205     0        1        4.760188e-10   
2026-06-12 09:49:54    31.50        1683     KMC             0.047615     3.122           1206     0        1        4.761465e-10   
2026-06-12 09:49:54    31.53        1684     ELASTIC         0.047700     3.128           1207     0        0        4.770000e-10   
2026-06-12 09:49:54    31.54        1685     KMC             0.047724     3.128           1207     0        1        4.772428e-10   
2026-06-12 09:49:54    31.55        1686     KMC_INSTAB      0.047725     3.128           1208     0        1        4.772521e-10   
2026-06-12 09:49:54    31.55        1687     KMC_INSTAB      0.047727     3.128           1209     0        1        4.772678e-10   
2026-06-12 09:49:54    31.56        1688     KMC_INSTAB      0.047728     3.128           1210     0        1        4.772791e-10   
2026-06-12 09:49:54    31.59        1689     ELASTIC         0.047800     3.133           1211     0        0        4.780000e-10   
2026-06-12 09:49:54    31.59        1690     KMC             0.047801     3.133           1211     0        1        4.780058e-10   
2026-06-12 09:49:54    31.60        1691     KMC_INSTAB      0.047822     3.133           1212     0        1        4.782205e-10   
2026-06-12 09:49:54    31.61        1692     KMC             0.047824     3.133           1213     0        1        4.782401e-10   
2026-06-12 09:49:54    31.64        1693     ELASTIC         0.047900     3.139           1214     0        0        4.790000e-10   
2026-06-12 09:49:54    31.64        1694     KMC_INSTAB      0.047902     3.139           1214     0        1        4.790199e-10   
2026-06-12 09:49:54    31.65        1695     KMC             0.047906     3.139           1215     0        1        4.790629e-10   
2026-06-12 09:49:54    31.66        1696     KMC             0.047938     3.139           1216     0        1        4.793790e-10   
2026-06-12 09:49:54    31.66        1697     KMC             0.047941     3.139           1217     0        1        4.794128e-10   
2026-06-12 09:49:54    31.67        1698     KMC_INSTAB      0.047944     3.139           1218     0        1        4.794421e-10   
2026-06-12 09:49:54    31.67        1699     KMC_INSTAB      0.047945     3.139           1219     0        1        4.794545e-10   
2026-06-12 09:49:54    31.68        1700     KMC             0.047947     3.139           1220     0        1        4.794747e-10   
2026-06-12 09:49:54    31.69        1701     KMC_INSTAB      0.047948     3.139           1221     0        1        4.794792e-10   
2026-06-12 09:49:54    31.72        1702     ELASTIC         0.048000     3.142           1222     0        0        4.800000e-10   
2026-06-12 09:49:54    31.72        1703     KMC_INSTAB      0.048001     3.142           1222     0        1        4.800117e-10   
2026-06-12 09:49:54    31.73        1704     KMC_INSTAB      0.048002     3.142           1223     0        1        4.800194e-10   
2026-06-12 09:49:54    31.74        1705     KMC             0.048002     3.142           1224     0        1        4.800249e-10   
2026-06-12 09:49:54    31.74        1706     KMC             0.048021     3.142           1225     0        1        4.802054e-10   
2026-06-12 09:49:54    31.75        1707     KMC             0.048050     3.142           1226     0        1        4.804972e-10   
2026-06-12 09:49:54    31.75        1708     KMC_INSTAB      0.048052     3.142           1227     0        1        4.805192e-10   
2026-06-12 09:49:54    31.76        1709     KMC_INSTAB      0.048053     3.142           1228     0        1        4.805331e-10   
2026-06-12 09:49:54    31.77        1710     KMC_INSTAB      0.048054     3.142           1229     0        1        4.805406e-10   
2026-06-12 09:49:54    31.77        1711     KMC             0.048058     3.142           1230     0        1        4.805835e-10   
2026-06-12 09:49:54    31.78        1712     KMC_INSTAB      0.048063     3.142           1231     0        1        4.806325e-10   
2026-06-12 09:49:54    31.79        1713     KMC_INSTAB      0.048090     3.142           1232     0        1        4.808990e-10   
2026-06-12 09:49:54    31.79        1714     KMC             0.048096     3.142           1233     0        1        4.809591e-10   
2026-06-12 09:49:54    31.83        1715     ELASTIC         0.048100     3.149           1234     0        0        4.810000e-10   
2026-06-12 09:49:54    31.83        1716     KMC_INSTAB      0.048108     3.149           1234     0        1        4.810761e-10   
2026-06-12 09:49:54    31.84        1717     KMC_INSTAB      0.048112     3.149           1235     0        1        4.811204e-10   
2026-06-12 09:49:54    31.85        1718     KMC             0.048163     3.149           1236     0        1        4.816291e-10   
2026-06-12 09:49:54    31.85        1719     KMC_INSTAB      0.048164     3.149           1237     0        1        4.816435e-10   
2026-06-12 09:49:54    31.86        1720     KMC_INSTAB      0.048172     3.149           1238     0        1        4.817196e-10   
2026-06-12 09:49:54    31.87        1721     KMC_INSTAB      0.048175     3.149           1239     0        1        4.817468e-10   
2026-06-12 09:49:54    31.87        1722     KMC_INSTAB      0.048176     3.149           1240     0        1        4.817628e-10   
2026-06-12 09:49:54    31.90        1723     ELASTIC         0.048200     3.154           1241     0        0        4.820000e-10   
2026-06-12 09:49:54    31.91        1724     KMC             0.048266     3.154           1241     0        1        4.826551e-10   
2026-06-12 09:49:54    31.91        1725     KMC_INSTAB      0.048267     3.154           1242     0        1        4.826713e-10   
2026-06-12 09:49:54    31.94        1726     ELASTIC         0.048300     3.160           1243     0        0        4.830000e-10   
2026-06-12 09:49:54    31.95        1727     KMC             0.048368     3.160           1243     0        1        4.836752e-10   
2026-06-12 09:49:55    31.98        1728     ELASTIC         0.048400     3.166           1244     0        0        4.840000e-10   
2026-06-12 09:49:55    31.98        1729     KMC             0.048434     3.166           1244     0        1        4.843403e-10   
2026-06-12 09:49:55    31.99        1730     KMC_INSTAB      0.048434     3.166           1245     0        1        4.843440e-10   
2026-06-12 09:49:55    32.00        1731     KMC_INSTAB      0.048435     3.166           1246     0        1        4.843494e-10   
2026-06-12 09:49:55    32.00        1732     KMC_INSTAB      0.048437     3.166           1247     0        1        4.843707e-10   
2026-06-12 09:49:55    32.01        1733     KMC_INSTAB      0.048450     3.166           1248     0        1        4.844970e-10   
2026-06-12 09:49:55    32.04        1734     ELASTIC         0.048500     3.172           1249     0        0        4.850000e-10   
2026-06-12 09:49:55    32.05        1735     KMC_INSTAB      0.048501     3.172           1249     0        1        4.850052e-10   
2026-06-12 09:49:55    32.06        1736     KMC             0.048537     3.172           1250     0        1        4.853701e-10   
2026-06-12 09:49:55    32.06        1737     KMC             0.048539     3.172           1251     0        1        4.853893e-10   
2026-06-12 09:49:55    32.07        1738     KMC             0.048540     3.172           1252     0        1        4.853987e-10   
2026-06-12 09:49:55    32.08        1739     KMC_INSTAB      0.048545     3.172           1253     0        1        4.854515e-10   
2026-06-12 09:49:55    32.11        1740     ELASTIC         0.048600     3.178           1254     0        0        4.860000e-10   
2026-06-12 09:49:55    32.13        1741     ELASTIC         0.048700     3.185           1254     0        0        4.870000e-10   
2026-06-12 09:49:55    32.14        1742     KMC             0.048701     3.185           1254     0        1        4.870098e-10   
2026-06-12 09:49:55    32.14        1743     KMC_INSTAB      0.048703     3.185           1255     0        1        4.870315e-10   
2026-06-12 09:49:55    32.15        1744     KMC             0.048759     3.185           1256     0        1        4.875901e-10   
2026-06-12 09:49:55    32.16        1745     KMC             0.048781     3.185           1257     0        1        4.878080e-10   
2026-06-12 09:49:55    32.19        1746     ELASTIC         0.048800     3.191           1258     0        0        4.880000e-10   
2026-06-12 09:49:55    32.21        1747     ELASTIC         0.048900     3.198           1258     0        0        4.890000e-10   
2026-06-12 09:49:55    32.22        1748     KMC             0.048977     3.198           1258     0        1        4.897716e-10   
2026-06-12 09:49:55    32.25        1749     ELASTIC         0.049000     3.204           1259     0        0        4.900000e-10   
2026-06-12 09:49:55    32.26        1750     KMC             0.049019     3.204           1259     0        1        4.901873e-10   
2026-06-12 09:49:55    32.26        1751     KMC             0.049040     3.204           1260     0        1        4.903993e-10   
2026-06-12 09:49:55    32.27        1752     KMC_INSTAB      0.049043     3.204           1261     0        1        4.904348e-10   
2026-06-12 09:49:55    32.28        1753     KMC_INSTAB      0.049044     3.204           1262     0        1        4.904355e-10   
2026-06-12 09:49:55    32.28        1754     KMC_INSTAB      0.049045     3.204           1263     0        1        4.904465e-10   
2026-06-12 09:49:55    32.29        1755     KMC_INSTAB      0.049049     3.204           1264     0        1        4.904938e-10   
2026-06-12 09:49:55    32.30        1756     KMC             0.049087     3.204           1265     0        1        4.908699e-10   
2026-06-12 09:49:55    32.33        1757     ELASTIC         0.049100     3.210           1266     0        0        4.910000e-10   
2026-06-12 09:49:55    32.33        1758     KMC             0.049103     3.210           1266     0        1        4.910266e-10   
2026-06-12 09:49:55    32.34        1759     KMC             0.049107     3.210           1267     0        1        4.910673e-10   
2026-06-12 09:49:55    32.34        1760     KMC_INSTAB      0.049108     3.210           1268     0        1        4.910778e-10   
2026-06-12 09:49:55    32.35        1761     KMC_INSTAB      0.049110     3.210           1269     0        1        4.910953e-10   
2026-06-12 09:49:55    32.36        1762     KMC_INSTAB      0.049110     3.210           1270     0        1        4.910983e-10   
2026-06-12 09:49:55    32.36        1763     KMC             0.049124     3.210           1271     0        1        4.912355e-10   
2026-06-12 09:49:55    32.37        1764     KMC             0.049159     3.210           1272     0        1        4.915932e-10   
2026-06-12 09:49:55    32.38        1765     KMC_INSTAB      0.049174     3.210           1273     0        1        4.917355e-10   
2026-06-12 09:49:55    32.41        1766     ELASTIC         0.049200     3.215           1274     0        0        4.920000e-10   
2026-06-12 09:49:55    32.43        1767     ELASTIC         0.049300     3.222           1274     0        0        4.930000e-10   
2026-06-12 09:49:55    32.44        1768     KMC             0.049301     3.222           1274     0        1        4.930101e-10   
2026-06-12 09:49:55    32.45        1769     KMC_INSTAB      0.049315     3.222           1275     0        1        4.931500e-10   
2026-06-12 09:49:55    32.45        1770     KMC             0.049315     3.222           1276     0        1        4.931541e-10   
2026-06-12 09:49:55    32.46        1771     KMC_INSTAB      0.049317     3.222           1277     0        1        4.931718e-10   
2026-06-12 09:49:55    32.47        1772     KMC             0.049367     3.222           1278     0        1        4.936730e-10   
2026-06-12 09:49:55    32.47        1773     KMC             0.049383     3.222           1279     0        1        4.938265e-10   
2026-06-12 09:49:55    32.48        1774     KMC_INSTAB      0.049386     3.222           1280     0        1        4.938594e-10   
2026-06-12 09:49:55    32.48        1775     KMC_INSTAB      0.049388     3.222           1281     0        1        4.938766e-10   
2026-06-12 09:49:55    32.52        1776     ELASTIC         0.049400     3.227           1282     0        0        4.940000e-10   
2026-06-12 09:49:55    32.54        1777     ELASTIC         0.049500     3.234           1282     0        0        4.950000e-10   
2026-06-12 09:49:55    32.55        1778     KMC             0.049542     3.234           1282     0        1        4.954172e-10   
2026-06-12 09:49:55    32.55        1779     KMC_INSTAB      0.049552     3.234           1283     0        1        4.955168e-10   
2026-06-12 09:49:55    32.56        1780     KMC_INSTAB      0.049552     3.234           1284     0        1        4.955232e-10   
2026-06-12 09:49:55    32.57        1781     KMC_INSTAB      0.049553     3.234           1285     0        1        4.955310e-10   
2026-06-12 09:49:55    32.59        1782     ELASTIC         0.049600     3.241           1286     0        0        4.960000e-10   
2026-06-12 09:49:55    32.60        1783     KMC             0.049649     3.241           1286     0        1        4.964947e-10   
2026-06-12 09:49:55    32.60        1784     KMC_INSTAB      0.049662     3.241           1287     0        1        4.966192e-10   
2026-06-12 09:49:55    32.61        1785     KMC             0.049700     3.241           1288     0        1        4.969984e-10   
2026-06-12 09:49:55    32.64        1786     ELASTIC         0.049700     3.246           1289     0        0        4.970000e-10   
2026-06-12 09:49:55    32.64        1787     KMC_INSTAB      0.049704     3.246           1289     0        1        4.970380e-10   
2026-06-12 09:49:55    32.65        1788     KMC_INSTAB      0.049723     3.246           1290     0        1        4.972302e-10   
2026-06-12 09:49:55    32.66        1789     KMC             0.049779     3.246           1291     0        1        4.977870e-10   
2026-06-12 09:49:55    32.66        1790     KMC_INSTAB      0.049781     3.246           1292     0        1        4.978121e-10   
2026-06-12 09:49:55    32.67        1791     KMC_INSTAB      0.049785     3.246           1293     0        1        4.978516e-10   
2026-06-12 09:49:55    32.68        1792     KMC_INSTAB      0.049792     3.246           1294     0        1        4.979219e-10   
2026-06-12 09:49:55    32.71        1793     ELASTIC         0.049800     3.252           1295     0        0        4.980000e-10   
2026-06-12 09:49:55    32.71        1794     KMC             0.049803     3.252           1295     0        1        4.980261e-10   
2026-06-12 09:49:55    32.72        1795     KMC             0.049846     3.252           1296     0        1        4.984627e-10   
2026-06-12 09:49:55    32.75        1796     ELASTIC         0.049900     3.259           1297     0        0        4.990000e-10   
2026-06-12 09:49:55    32.76        1797     KMC             0.049906     3.259           1297     0        1        4.990617e-10   
2026-06-12 09:49:55    32.79        1798     ELASTIC         0.050000     3.265           1298     0        0        5.000000e-10   

Simulation Finish Time: 2026-06-12 09:49:56
Total Duration: 33.43 seconds (0h 00m 33s)
